anonymised_id,employed_prob
ID_10,0.48607663938731144
ID_100,0.4739654076117056
ID_1000,0.48607663938731144
ID_1001,0.48607663938731144
ID_1002,0.48607663938731144
ID_1003,0.48607663938731144
ID_1004,0.4227387438460049
ID_1005,0.48607663938731144
ID_1006,0.48607663938731144
ID_1007,0.48607663938731144
ID_1008,0.48607663938731144
ID_1009,0.4227387438460049
ID_101,0.4739654076117056
ID_1010,0.4227387438460049
ID_1011,0.48607663938731144
ID_1012,0.48607663938731144
ID_1013,0.48607663938731144
ID_1014,0.48607663938731144
ID_1015,0.4227387438460049
ID_102,0.4240105564148292
ID_103,0.4739654076117056
ID_1035,0.5096696957647238
ID_104,0.4739654076117056
ID_105,0.4739654076117056
ID_106,0.4739654076117056
ID_107,0.4739654076117056
ID_108,0.4739654076117056
ID_109,0.4240105564148292
ID_11,0.48607663938731144
ID_110,0.4240105564148292
ID_111,0.4739654076117056
ID_112,0.4240105564148292
ID_113,0.4739654076117056
ID_114,0.4739654076117056
ID_115,0.4240105564148292
ID_116,0.4739654076117056
ID_1160,0.5166986577013267
ID_11675,0.6077272590731334
ID_117,0.4739654076117056
ID_118,0.4739654076117056
ID_1185,0.4998628650264696
ID_11888,0.5487007778389005
ID_119,0.4739654076117056
ID_12,0.48607663938731144
ID_120,0.4739654076117056
ID_121,0.4739654076117056
ID_12171,0.7298199078616153
ID_12189,0.2898521107986047
ID_122,0.4739654076117056
ID_1222,0.45633278858341
ID_12228,0.4444385656584985
ID_12260,0.6315192861475433
ID_123,0.4739654076117056
ID_124,0.48139302470255824
ID_1240,0.4308466335845544
ID_12465,0.7422221517962575
ID_125,0.4739654076117056
ID_126,0.4739654076117056
ID_127,0.4739654076117056
ID_12710,0.539658762829985
ID_12750,0.3751744134846926
ID_128,0.4739654076117056
ID_129,0.4739654076117056
ID_13,0.48607663938731144
ID_130,0.48656384179419576
ID_131,0.48656384179419576
ID_1313,0.5096696957647238
ID_132,0.48656384179419576
ID_13200,0.7409093687771219
ID_13299,0.7422221517962575
ID_133,0.48656384179419576
ID_134,0.42153715833904903
ID_13473,0.4774280605092413
ID_13475,0.4636444601516947
ID_13487,0.5421803488197598
ID_13495,0.37210027585780436
ID_135,0.48656384179419576
ID_13500,0.450262761653256
ID_13509,0.7152572243932557
ID_13510,0.7222412955707795
ID_13515,0.6767092998409898
ID_13516,0.5249925376934271
ID_13520,0.4592675246408586
ID_13521,0.7036107285127635
ID_13524,0.3663522507278991
ID_13526,0.41458936501277055
ID_13527,0.714142458788987
ID_13530,0.37277764456186
ID_13531,0.4649755764557879
ID_13538,0.4451190912148246
ID_13540,0.7013027955844485
ID_13543,0.7156548952124838
ID_13544,0.29639986112617867
ID_13545,0.6196285395074064
ID_13546,0.7170529987727997
ID_13549,0.596464434843137
ID_13550,0.6557380083658294
ID_13552,0.7409093687771219
ID_13564,0.4411291023722861
ID_13573,0.7340176690803487
ID_13574,0.5027098731136167
ID_13576,0.7184822860545159
ID_13582,0.725132291783945
ID_13588,0.7253406380090327
ID_13590,0.4049614869992171
ID_13595,0.5475334851879271
ID_136,0.48656384179419576
ID_13601,0.717277167605492
ID_13605,0.5783276069021229
ID_13606,0.6053226353554931
ID_13614,0.3314955534540238
ID_13616,0.4283239939063822
ID_13618,0.3480178729335679
ID_13619,0.472869104957181
ID_13620,0.4005196513208459
ID_13624,0.7057802599894741
ID_13628,0.4689411689589502
ID_13632,0.5201416460480002
ID_13633,0.4193459257760973
ID_13634,0.6099498144887167
ID_13637,0.42604574212024965
ID_13656,0.7369171738428113
ID_13664,0.628963940214948
ID_13667,0.6959907738552433
ID_13668,0.5185359290815839
ID_13670,0.49125318661492534
ID_13671,0.46575046057971825
ID_13680,0.4758559213631123
ID_13683,0.41052312859566037
ID_13684,0.3865142037569245
ID_13693,0.4995133001165291
ID_13694,0.5688034700210715
ID_13695,0.567527297708598
ID_13699,0.6119615604575849
ID_137,0.48656384179419576
ID_13704,0.4193459257760973
ID_13705,0.6038384952432294
ID_13708,0.7266457911877038
ID_13712,0.7185018567248102
ID_13715,0.6140451992744355
ID_13717,0.4404639803702507
ID_13728,0.6272416078675973
ID_13729,0.28604147566919574
ID_13732,0.7253406380090327
ID_13734,0.42932360021505345
ID_13739,0.7151567958727132
ID_13749,0.5993722922372587
ID_13752,0.473668368673098
ID_13756,0.7253406380090327
ID_13757,0.372261444107748
ID_13761,0.5749502516318276
ID_13765,0.7238226587953109
ID_13768,0.7238830903557477
ID_13770,0.5136990558026834
ID_13771,0.42526222305380573
ID_13776,0.6942795995176101
ID_13778,0.7135337005433089
ID_13780,0.41843316895515625
ID_13783,0.48998683316676134
ID_13784,0.7422221517962575
ID_13791,0.7168038629106102
ID_13796,0.7323652104829991
ID_138,0.48656384179419576
ID_13801,0.7135732839604705
ID_13802,0.5363708015494888
ID_13803,0.4328112062012214
ID_13809,0.4872567314526181
ID_13811,0.6833340963160048
ID_13822,0.4603714000876369
ID_13827,0.7238226587953109
ID_13837,0.7083053974857582
ID_13838,0.7298199078616153
ID_13839,0.4274425572581185
ID_13843,0.7224512123965249
ID_13844,0.5622064655471665
ID_13847,0.4544856643254686
ID_13848,0.3846075934723547
ID_13850,0.3680625279957987
ID_13851,0.35523971116197284
ID_13852,0.5086579853032639
ID_13853,0.35453618878768406
ID_13854,0.4139644990016469
ID_13855,0.7356505150359932
ID_13856,0.7238830903557477
ID_13857,0.6284329417350387
ID_13861,0.40004384922227554
ID_13862,0.6126490857634931
ID_13865,0.594682172369407
ID_13867,0.608175769404548
ID_13883,0.3584857266337311
ID_13891,0.6065864043178865
ID_13892,0.7224512123965249
ID_13895,0.7238226587953109
ID_13897,0.6133966322352655
ID_13898,0.4105912932343246
ID_139,0.42153715833904903
ID_13902,0.6285793364914776
ID_13906,0.458730796092329
ID_13907,0.5993167658078499
ID_13908,0.7173139452847591
ID_13909,0.45566827480302763
ID_13910,0.7308013712235037
ID_13912,0.7188171476112554
ID_13914,0.5852248186520523
ID_13919,0.4851324838779644
ID_13926,0.7434754561439806
ID_13930,0.7271277780695528
ID_13931,0.4944408122844213
ID_13934,0.553105835963437
ID_13935,0.5454890784747055
ID_13943,0.620137344813454
ID_13945,0.38685183903709947
ID_13948,0.3786785992555452
ID_13949,0.4661695665696828
ID_13950,0.5206565721771871
ID_13963,0.48212542182168405
ID_13968,0.7224512123965249
ID_13971,0.5963878122056794
ID_13972,0.6149224867583236
ID_13973,0.4212285402235948
ID_13974,0.5016220279979168
ID_13975,0.594682172369407
ID_13977,0.7269593632620607
ID_13978,0.4856502077921648
ID_13982,0.5799142328813472
ID_13989,0.5291169682850676
ID_13990,0.7207246221955871
ID_13992,0.7312262548741374
ID_13995,0.7282597061471175
ID_13997,0.41496607272266156
ID_13999,0.717277167605492
ID_14,0.48607663938731144
ID_140,0.48656384179419576
ID_14003,0.7082375387681532
ID_14005,0.4469247921265164
ID_14009,0.5360420771048244
ID_14012,0.7135337005433089
ID_14016,0.39958586333191626
ID_14017,0.7253406380090327
ID_14019,0.7079476442646299
ID_14023,0.4153497085739643
ID_14024,0.6708015114605302
ID_14026,0.7224512123965249
ID_14028,0.45692443193250526
ID_14036,0.7312262548741374
ID_14038,0.7207246221955871
ID_14039,0.7493033403511118
ID_14043,0.7171264837481409
ID_14045,0.6180261741579632
ID_14053,0.48804828390019106
ID_14055,0.5962766840401393
ID_14056,0.5080332845599137
ID_14064,0.725132291783945
ID_14065,0.7177786582772476
ID_14067,0.5547890618111261
ID_14069,0.717277167605492
ID_14070,0.5989232658488055
ID_14074,0.6255831404731236
ID_14075,0.6046353772201369
ID_14083,0.6840066015925425
ID_14086,0.7204595024960385
ID_14087,0.5328348710977477
ID_14091,0.6212788111523444
ID_14093,0.5381325797068706
ID_14094,0.6039930974743988
ID_14095,0.5656435610573417
ID_141,0.48656384179419576
ID_14100,0.7182827477529445
ID_14101,0.3474180590931299
ID_14102,0.5929186277945682
ID_14104,0.4825878004262537
ID_14106,0.41361353821439606
ID_14109,0.7065217748271115
ID_14114,0.5221743117293418
ID_14115,0.7238830903557477
ID_14116,0.7409093687771219
ID_14118,0.472869104957181
ID_14120,0.6243317463516892
ID_14123,0.40580876828590734
ID_14125,0.48748894796600717
ID_14126,0.4282571533630602
ID_14130,0.706167525273825
ID_14131,0.6162773793734542
ID_14132,0.6873763383279189
ID_14139,0.39143335514112565
ID_14140,0.5181265388266074
ID_14144,0.6321454043890286
ID_14148,0.5537819165990063
ID_14160,0.37991073824231025
ID_14169,0.432877227910636
ID_14171,0.7409093687771219
ID_14175,0.5618243365784803
ID_14176,0.47236195686880234
ID_14180,0.7493033403511118
ID_14181,0.3070212545525845
ID_14182,0.6073029974458863
ID_14185,0.5283083096538327
ID_14189,0.6985951921891604
ID_14192,0.44643037773486693
ID_14197,0.7137420221753966
ID_142,0.48656384179419576
ID_14201,0.48576276060153134
ID_14202,0.6018124697029678
ID_14208,0.35478190078337724
ID_14212,0.6123935786767173
ID_14214,0.7135337005433089
ID_14216,0.7185018567248102
ID_14217,0.5349746750520635
ID_14223,0.5401499498996625
ID_14224,0.31898974590043616
ID_14226,0.7187748501818634
ID_14227,0.46179184011892205
ID_14228,0.4461734500862026
ID_14229,0.5572536531389262
ID_14234,0.7156604033340584
ID_14235,0.6546748919295267
ID_14245,0.6849135015355742
ID_14246,0.6082764152020662
ID_14249,0.567527297708598
ID_14250,0.5113645939991516
ID_14253,0.3728398720263988
ID_14254,0.7253406380090327
ID_14255,0.7155809080611741
ID_14256,0.7253406380090327
ID_14258,0.5998202189929129
ID_14260,0.7305665052863303
ID_14264,0.4645182441910831
ID_14266,0.6493353430975305
ID_14268,0.6120947792315101
ID_14270,0.48541702136054116
ID_14272,0.5955651519257279
ID_14280,0.6859748743886017
ID_14282,0.717277167605492
ID_14286,0.6780086104712056
ID_14288,0.5730926077233237
ID_14296,0.4700560036730157
ID_14297,0.5444211707075
ID_14298,0.725132291783945
ID_14299,0.5019205412021674
ID_143,0.48656384179419576
ID_14301,0.7253406380090327
ID_14310,0.717277167605492
ID_14311,0.4471493747876204
ID_14312,0.7422221517962575
ID_14313,0.7327185674889588
ID_14319,0.7329178162704504
ID_1432,0.40905644690230447
ID_14322,0.7224512123965249
ID_14324,0.49435684222456316
ID_14331,0.6339062405001001
ID_14333,0.41598135971717204
ID_14339,0.5929186277945682
ID_14342,0.5374059407171496
ID_14347,0.5935079362335687
ID_14351,0.7224512123965249
ID_14352,0.5341662316066976
ID_14359,0.7253406380090327
ID_14361,0.7087466538912429
ID_14365,0.6313026078363028
ID_14367,0.5796497150042598
ID_14371,0.7493033403511118
ID_14373,0.5193899359879635
ID_14378,0.5337627193633434
ID_14381,0.6026390760607963
ID_14388,0.5927468817980969
ID_14393,0.7120560702304809
ID_14394,0.7422221517962575
ID_14398,0.6226269898003893
ID_144,0.48656384179419576
ID_14401,0.4659168277443225
ID_14402,0.6113221074981675
ID_14406,0.6077272590731334
ID_14416,0.7296035019037151
ID_14417,0.4000948073469952
ID_14420,0.6144910676339457
ID_14421,0.7224512123965249
ID_14422,0.7253406380090327
ID_14423,0.6875169700650225
ID_14427,0.628963940214948
ID_14429,0.4162562304410707
ID_14431,0.5193138247728315
ID_14434,0.7224512123965249
ID_14441,0.6144910676339457
ID_14443,0.5340075284848084
ID_14447,0.7239738550369232
ID_14449,0.6111829726847188
ID_14451,0.3568881601009755
ID_14454,0.4629001622160578
ID_14462,0.4462849028197439
ID_14466,0.6367777910769735
ID_14467,0.3474180590931299
ID_14471,0.5946440549675422
ID_14472,0.7298199078616153
ID_14474,0.7323652104829991
ID_14476,0.6022430772927175
ID_14479,0.3940188144130136
ID_14487,0.3787478726774881
ID_14488,0.7116582625917548
ID_14489,0.37990832424665577
ID_14492,0.5989232658488055
ID_14493,0.5181265388266074
ID_14496,0.5729874387167563
ID_145,0.42153715833904903
ID_14500,0.6094673670009885
ID_14501,0.5167910628449021
ID_14503,0.4048203002003524
ID_14505,0.6725238982516742
ID_14510,0.48028545004109985
ID_14511,0.6151816086784928
ID_14512,0.4482715571069498
ID_14513,0.7409093687771219
ID_14517,0.43595219088145154
ID_14518,0.47375250210774417
ID_14524,0.7266457911877038
ID_14525,0.6317889821023907
ID_14526,0.7014374454241826
ID_14527,0.708399236348393
ID_14528,0.7282597061471175
ID_14532,0.7224512123965249
ID_14535,0.591319151787358
ID_14537,0.7253406380090327
ID_14538,0.7298199078616153
ID_14539,0.45939294117072044
ID_14542,0.5343406563153922
ID_14543,0.4725101403025588
ID_14548,0.45809580238650155
ID_14552,0.5024840726331409
ID_14555,0.31677570322232795
ID_14559,0.3545774735113324
ID_14563,0.4907868871665574
ID_14564,0.40202385934586277
ID_14565,0.7168038629106102
ID_14569,0.3474180590931299
ID_14570,0.717277167605492
ID_14571,0.455161415648149
ID_14572,0.4793660450084937
ID_14574,0.4512688966087257
ID_14575,0.6266767290093316
ID_14576,0.7359536572307012
ID_14583,0.5571792421541855
ID_14589,0.4823932466529202
ID_14592,0.5994860857843302
ID_14593,0.4765286354469803
ID_14596,0.7422221517962575
ID_146,0.48656384179419576
ID_14601,0.5040734994271989
ID_14602,0.36743948469664656
ID_14604,0.4212818490480311
ID_14608,0.4019643775256359
ID_1461,0.4940180934858162
ID_14610,0.635918196484581
ID_14612,0.71590683028001
ID_14613,0.7205070358094274
ID_14616,0.5155045171835596
ID_14618,0.4038723946723875
ID_14619,0.7409093687771219
ID_14620,0.7079476442646299
ID_14621,0.7224512123965249
ID_14622,0.5993167658078499
ID_14625,0.7033966373286605
ID_14629,0.40902617093161386
ID_14631,0.5272401599443638
ID_14641,0.7201258352935183
ID_14642,0.5534622369791882
ID_14648,0.4586060671600686
ID_14650,0.6045344041317713
ID_14651,0.3359293652136969
ID_14657,0.43457435884735846
ID_14664,0.6124838833817782
ID_14669,0.7327185674889588
ID_14673,0.7340176690803487
ID_14674,0.5043595254820904
ID_14681,0.4735265497097143
ID_14683,0.6029746220232519
ID_14693,0.7380216105988149
ID_14696,0.628963940214948
ID_14697,0.44741040890517425
ID_14699,0.32204733038768685
ID_14704,0.6196931816940335
ID_14706,0.7239738550369232
ID_14707,0.7422221517962575
ID_14711,0.43079363640903245
ID_14718,0.7238226587953109
ID_14725,0.4695952641195758
ID_14727,0.4193459257760973
ID_14730,0.28940775863882995
ID_14734,0.6157224218240036
ID_14735,0.3826542175643579
ID_14740,0.6116308446246002
ID_14749,0.6206907321192107
ID_14753,0.5014229223989207
ID_14754,0.6232501187766731
ID_14759,0.3154787991945563
ID_14764,0.7185018567248102
ID_14765,0.49920762675437974
ID_14767,0.6780086104712056
ID_14769,0.47752181886848766
ID_14773,0.60369763940439
ID_14774,0.4128558214061889
ID_14775,0.46769597144694475
ID_14780,0.5099785049397062
ID_14782,0.41767857429495
ID_14788,0.5215273474434288
ID_14791,0.7238226587953109
ID_14793,0.37857028403175963
ID_14799,0.7238830903557477
ID_148,0.48656384179419576
ID_14802,0.7142683108609065
ID_14803,0.7021311338372779
ID_14810,0.4856502077921648
ID_14813,0.4844723208744428
ID_14818,0.3199195749534324
ID_14821,0.7185937207723805
ID_14823,0.7255150898599337
ID_14824,0.6254805023257906
ID_14825,0.6102871707107068
ID_14826,0.5835409668380683
ID_14827,0.37090131317125685
ID_14829,0.476771446097976
ID_14830,0.7409093687771219
ID_14832,0.7253406380090327
ID_14836,0.4033168910476757
ID_14838,0.34971169148860864
ID_14839,0.6120796864376986
ID_14843,0.5380426983016503
ID_14844,0.717277167605492
ID_14851,0.39921397535752823
ID_14853,0.4021200190057278
ID_14854,0.7104241334248459
ID_14855,0.6185624018410728
ID_14858,0.7356505150359932
ID_14860,0.6099498144887167
ID_14862,0.7102028561671698
ID_14864,0.5602725100916817
ID_14866,0.7049366165968607
ID_14868,0.704362316649625
ID_14870,0.6123935786767173
ID_14880,0.5950232096484517
ID_14883,0.6328432676955539
ID_14884,0.613068361815911
ID_14887,0.3715757551058208
ID_14888,0.717200227736494
ID_14890,0.6990868744467982
ID_14891,0.7222412955707795
ID_14892,0.5682431626111644
ID_14894,0.44587364963151077
ID_14895,0.3848296398140797
ID_14896,0.62808462369212
ID_149,0.48656384179419576
ID_14902,0.7409093687771219
ID_14907,0.3338070478371192
ID_14908,0.529630683756556
ID_14910,0.5730926077233237
ID_14911,0.4537967200427708
ID_14912,0.5963878122056794
ID_14913,0.4151906519710136
ID_14916,0.5816942577866767
ID_14919,0.5649905285469183
ID_14928,0.4690683315856833
ID_14929,0.7320733230599418
ID_14937,0.623183397350006
ID_14939,0.7207246221955871
ID_14946,0.7422221517962575
ID_14947,0.48748894796600717
ID_14948,0.6915820381345527
ID_14949,0.43396828413138094
ID_14951,0.5407579888698772
ID_14952,0.6028556747690774
ID_14953,0.676579353923243
ID_14955,0.6974668253246205
ID_14956,0.4772833467919202
ID_14957,0.6879312392007714
ID_14959,0.38760907790453064
ID_14963,0.7168038629106102
ID_14968,0.7205146099967138
ID_14969,0.6103312625947518
ID_14971,0.4787584922574976
ID_14987,0.47752181886848766
ID_14988,0.45196191039728545
ID_14991,0.7422221517962575
ID_14996,0.5814533109202146
ID_14999,0.7224512123965249
ID_15,0.48607663938731144
ID_150,0.42153715833904903
ID_15005,0.6446431761728344
ID_15006,0.3534925679287106
ID_15008,0.7222530954022719
ID_15009,0.6099498144887167
ID_15012,0.5397108696362841
ID_15014,0.7327185674889588
ID_15017,0.6046239385069416
ID_15018,0.7207246221955871
ID_15029,0.7207246221955871
ID_15031,0.4780865231124289
ID_15032,0.528774974934435
ID_15040,0.4414014466218659
ID_15042,0.7152572243932557
ID_15044,0.6870449934458185
ID_15045,0.472869104957181
ID_15050,0.7238226587953109
ID_15051,0.7143540758817408
ID_15052,0.5299742631018095
ID_15053,0.6869915857342734
ID_15054,0.6760291171065994
ID_15059,0.44147462218407835
ID_15060,0.7340176690803487
ID_15061,0.5132095757996611
ID_15072,0.4262193787818237
ID_15073,0.5869267827128171
ID_15076,0.7312262548741374
ID_15078,0.7282597061471175
ID_15080,0.6780483774079261
ID_15088,0.7266457911877038
ID_15092,0.5460786477752264
ID_15095,0.7282597061471175
ID_15096,0.338168819088512
ID_15097,0.7253406380090327
ID_151,0.48656384179419576
ID_15105,0.5983688322835004
ID_15108,0.4492464913627261
ID_15109,0.35365756537684556
ID_15118,0.7224512123965249
ID_15119,0.7238226587953109
ID_15126,0.4816587289932611
ID_15131,0.6193855934492319
ID_15132,0.7207246221955871
ID_15135,0.726263181601417
ID_15136,0.3986046600065341
ID_15137,0.38476968765273023
ID_15138,0.7270058729080485
ID_15142,0.43921673882804574
ID_15144,0.592106426550987
ID_15145,0.4940644283110991
ID_15147,0.4755193602920535
ID_15152,0.7224512123965249
ID_15153,0.7359536572307012
ID_15156,0.6851952197612581
ID_15158,0.6012305665066185
ID_15159,0.7359536572307012
ID_15161,0.6441836692365699
ID_15165,0.7312262548741374
ID_15168,0.5216602751062344
ID_15169,0.614409006736271
ID_15171,0.6253385817004347
ID_15172,0.5685188749491045
ID_15174,0.7095178617787214
ID_15175,0.4603488305395446
ID_15176,0.31056527431010256
ID_15179,0.4254026470657689
ID_15185,0.7238226587953109
ID_15191,0.5730926077233237
ID_15192,0.6003758763739883
ID_15195,0.7071739880834229
ID_15198,0.4170799053565821
ID_15199,0.7422221517962575
ID_152,0.48656384179419576
ID_15201,0.6154139270562629
ID_15204,0.44470139456371577
ID_15209,0.6135207651546841
ID_15210,0.7423896893811678
ID_15213,0.6285793364914776
ID_15220,0.6023687346666708
ID_15222,0.7224512123965249
ID_15225,0.7238002728036373
ID_15227,0.717200227736494
ID_15229,0.7197210533328139
ID_15230,0.7407090745385898
ID_15237,0.5824629765570308
ID_15246,0.6096293386183903
ID_15249,0.4690683315856833
ID_15251,0.42912719273474526
ID_15254,0.6019471740326445
ID_15257,0.7224512123965249
ID_15261,0.7224512123965249
ID_15264,0.5989801844278027
ID_15268,0.6980877426739488
ID_15269,0.7253406380090327
ID_15271,0.7266457911877038
ID_15272,0.7253406380090327
ID_15277,0.6099410471884534
ID_15282,0.6120947792315101
ID_15287,0.6111149510803994
ID_15289,0.31677570322232795
ID_15290,0.39348958535127876
ID_15294,0.4771730111460478
ID_15295,0.6302991309731861
ID_15297,0.527049105610329
ID_15303,0.47446015284827886
ID_15304,0.5414944384918638
ID_15305,0.6050604379153952
ID_15306,0.7253406380090327
ID_15309,0.3951337563220032
ID_15312,0.6119615604575849
ID_15314,0.7224512123965249
ID_15320,0.6769341033539671
ID_15322,0.7087466538912429
ID_15323,0.3663522507278991
ID_15326,0.710880005641434
ID_15329,0.47090176851182325
ID_15332,0.4527056709530792
ID_15335,0.39749888015560275
ID_15336,0.44132427165654176
ID_15341,0.6195289860455249
ID_15343,0.584157424848804
ID_15344,0.6178394717344298
ID_15345,0.6116308446246002
ID_15346,0.710880005641434
ID_15350,0.725132291783945
ID_15353,0.7312262548741374
ID_15357,0.6692912156295995
ID_15359,0.455161415648149
ID_15360,0.6867287773161872
ID_15362,0.3444374970303018
ID_15371,0.7409093687771219
ID_15372,0.6297205419116141
ID_15373,0.6629242693972428
ID_15375,0.6284482081544486
ID_15376,0.7224512123965249
ID_15379,0.4874394870457879
ID_15384,0.6592421595971368
ID_15385,0.5730926077233237
ID_15386,0.7269593632620607
ID_15389,0.7422221517962575
ID_15392,0.710880005641434
ID_15393,0.6246367845621186
ID_154,0.48656384179419576
ID_15400,0.6312238578295168
ID_15403,0.5951249847854643
ID_15404,0.7102339486185644
ID_15405,0.43145115371186293
ID_15412,0.5572505522667265
ID_15414,0.44178304918232353
ID_15415,0.7224512123965249
ID_15421,0.5333980774838899
ID_15432,0.7239738550369232
ID_15435,0.6102871707107068
ID_15445,0.6305648385677254
ID_15451,0.5135951623821349
ID_15454,0.7296035019037151
ID_15458,0.515581787716568
ID_15459,0.47752181886848766
ID_15465,0.5187159057365817
ID_15467,0.4700560036730157
ID_15470,0.5669341345689163
ID_15474,0.5536147612420598
ID_15477,0.5609897948314791
ID_15479,0.7171264837481409
ID_15480,0.5202410526628086
ID_15481,0.7238226587953109
ID_15482,0.4995133001165291
ID_15483,0.5929186277945682
ID_15484,0.4476877127335754
ID_15485,0.5066116042282527
ID_15488,0.4886056477031247
ID_15489,0.7104241334248459
ID_15492,0.3705705490405713
ID_15493,0.3618256817817112
ID_15494,0.517020021819588
ID_15495,0.6255408052868677
ID_155,0.48656384179419576
ID_15500,0.7409093687771219
ID_15502,0.725132291783945
ID_15504,0.48051303901344705
ID_15507,0.45533204784374615
ID_15508,0.48141500154156835
ID_15510,0.710880005641434
ID_15512,0.45576932883414856
ID_15514,0.6305648385677254
ID_15515,0.3806572678920682
ID_15524,0.7422221517962575
ID_15526,0.7224512123965249
ID_15527,0.7266457911877038
ID_15528,0.44865877522635905
ID_15531,0.40938336056680324
ID_15533,0.4604184819066494
ID_15536,0.7037533429861962
ID_15537,0.6144106249240314
ID_15541,0.4712984387857377
ID_15543,0.6063607798209268
ID_15546,0.3663522507278991
ID_15547,0.5237479501215144
ID_15553,0.3759743273877092
ID_15562,0.4531862973251805
ID_15563,0.717277167605492
ID_15565,0.750939296133744
ID_15566,0.7434754561439806
ID_15567,0.5198264243250592
ID_15571,0.6780086104712056
ID_15572,0.7422221517962575
ID_15575,0.6035033211330166
ID_15585,0.5594895821059821
ID_15586,0.717277167605492
ID_15597,0.7185018567248102
ID_15598,0.5344807331353321
ID_15600,0.541148570587601
ID_15601,0.5219657517553836
ID_15602,0.3645960171164343
ID_15609,0.6216172716979116
ID_15614,0.38871718107894504
ID_15618,0.6103312625947518
ID_1562,0.4828040159828052
ID_15620,0.5353456481366614
ID_15625,0.5421803488197598
ID_15627,0.4442266493684725
ID_15629,0.7409093687771219
ID_15630,0.4155848131295427
ID_15631,0.3756755292345423
ID_15635,0.7356316979225281
ID_15636,0.608175769404548
ID_15638,0.6934089794019036
ID_15643,0.35478190078337724
ID_15647,0.5468479072694109
ID_15650,0.7409093687771219
ID_15651,0.6760591956401385
ID_15654,0.3733704509643566
ID_15655,0.36870823625559535
ID_15656,0.7079476442646299
ID_15658,0.44804079641451805
ID_1566,0.4001014015840425
ID_15661,0.5236567119221985
ID_15665,0.7222530954022719
ID_15667,0.7422221517962575
ID_15668,0.7340176690803487
ID_15669,0.7493033403511118
ID_15670,0.7343279479300936
ID_15678,0.5096696957647238
ID_15683,0.4003306625959403
ID_15688,0.5115208596945899
ID_15689,0.6849135015355742
ID_15690,0.4659168277443225
ID_15692,0.6255831404731236
ID_15699,0.7409093687771219
ID_157,0.48656384179419576
ID_15701,0.3876284699230062
ID_15705,0.7409093687771219
ID_15706,0.36598457101208326
ID_15708,0.4765286354469803
ID_15714,0.4170799053565821
ID_15715,0.7238226587953109
ID_15716,0.7434754561439806
ID_15718,0.42044194373317306
ID_15719,0.40490815057222723
ID_15721,0.4758087133693037
ID_15723,0.4659168277443225
ID_15726,0.5157992186501841
ID_15751,0.541486714496362
ID_15754,0.5730926077233237
ID_15755,0.5373825830671984
ID_15757,0.6156442331199387
ID_15759,0.7224512123965249
ID_15763,0.4490368569149002
ID_15770,0.5181725292275441
ID_15771,0.5911527954718376
ID_15772,0.7104624042091723
ID_15778,0.5282146607764754
ID_15781,0.567683377065355
ID_15784,0.5101991863737624
ID_15785,0.5329616868336107
ID_15786,0.5033037582141381
ID_15795,0.6045344041317713
ID_158,0.48656384179419576
ID_15805,0.6113221074981675
ID_15806,0.7253406380090327
ID_15809,0.6840603192710134
ID_15811,0.4469247921265164
ID_15813,0.5923275099275486
ID_15814,0.46575046057971825
ID_15817,0.5045310704468473
ID_15823,0.5270676624317026
ID_15824,0.7282842913792472
ID_15829,0.6124838833817782
ID_15830,0.7238226587953109
ID_15831,0.6105456061998853
ID_15833,0.717277167605492
ID_15836,0.7312262548741374
ID_15839,0.7238226587953109
ID_15843,0.4713728940943488
ID_15845,0.7323652104829991
ID_15847,0.5413491613731287
ID_15852,0.37566508096774487
ID_15854,0.7312262548741374
ID_15855,0.43515178701612983
ID_15856,0.7239738550369232
ID_15858,0.608175769404548
ID_15863,0.6046353772201369
ID_15864,0.7087466538912429
ID_15866,0.7312262548741374
ID_15867,0.4508190931302602
ID_15882,0.7340176690803487
ID_15891,0.7238226587953109
ID_15892,0.7185937207723805
ID_15894,0.4200977026313152
ID_15896,0.3975807389866168
ID_15897,0.7238226587953109
ID_15898,0.6270154141439989
ID_15899,0.4362147442300684
ID_159,0.42153715833904903
ID_15902,0.4170799053565821
ID_15904,0.4613052025690474
ID_15908,0.6033649995388454
ID_15913,0.3865142037569245
ID_15914,0.5207419358454713
ID_15917,0.4527056709530792
ID_15920,0.7141100106595205
ID_15924,0.7357388410794238
ID_15927,0.4700701105686615
ID_15931,0.7210502741905712
ID_15933,0.5089749171861842
ID_15937,0.7253406380090327
ID_15939,0.46982013643107934
ID_15942,0.5235109243402996
ID_15945,0.7359536572307012
ID_15947,0.685289787116387
ID_15952,0.33895573573832366
ID_15953,0.328659724383635
ID_15955,0.7091104159915691
ID_15956,0.7238830903557477
ID_15957,0.36870823625559535
ID_15958,0.7266457911877038
ID_15959,0.5081222385174909
ID_15960,0.706167525273825
ID_15962,0.7422221517962575
ID_15963,0.4040210453639555
ID_15964,0.7254133878143267
ID_15966,0.44839976070019477
ID_15967,0.717277167605492
ID_15970,0.6403614197607994
ID_15974,0.6905622239111026
ID_15977,0.5520825508913173
ID_15983,0.4835921538363526
ID_15985,0.7214172716544525
ID_15991,0.6095687176404585
ID_15992,0.6101796751559715
ID_15997,0.6107472036284245
ID_15998,0.4119196968415885
ID_16,0.48607663938731144
ID_160,0.48656384179419576
ID_16002,0.725132291783945
ID_16005,0.36870823625559535
ID_16007,0.42634784095674394
ID_16009,0.48288234559377063
ID_16010,0.4065093553047211
ID_16012,0.48293002075080527
ID_16013,0.3146576156861378
ID_16015,0.5250074854300265
ID_16019,0.6108664936018328
ID_16020,0.6818838597076217
ID_16022,0.6091785380482801
ID_16023,0.4963255458728231
ID_16024,0.7224512123965249
ID_16026,0.5816635142034525
ID_16034,0.5371869895722104
ID_16036,0.3823940253229214
ID_16037,0.7282597061471175
ID_16041,0.35979876823984097
ID_16043,0.6031918985529605
ID_16044,0.7223752179144399
ID_16048,0.5375550364402688
ID_16049,0.4484265372428658
ID_16050,0.6336709295968159
ID_16054,0.49169667655440835
ID_16056,0.6047570781846593
ID_16057,0.6028556747690774
ID_16059,0.7329178162704504
ID_16060,0.46179108886671055
ID_16064,0.7323652104829991
ID_16066,0.7156604033340584
ID_16067,0.46287443149014923
ID_16068,0.6847582916365946
ID_16071,0.715026094325472
ID_16084,0.7423896893811678
ID_16087,0.5255659801748578
ID_16088,0.626407984019516
ID_16095,0.7238830903557477
ID_16097,0.4653538119506675
ID_161,0.5862152169383216
ID_16102,0.6232501187766731
ID_16104,0.7238226587953109
ID_16108,0.5063495752350929
ID_16110,0.5091674682100746
ID_16111,0.717277167605492
ID_16112,0.7224512123965249
ID_16113,0.3578555865196492
ID_16114,0.6053226353554931
ID_1612,0.5210543193009646
ID_16121,0.7253406380090327
ID_16122,0.4810565297286025
ID_16123,0.6808719694494659
ID_16125,0.5244852166823397
ID_16128,0.6094673670009885
ID_16130,0.7409093687771219
ID_16131,0.7493033403511118
ID_16133,0.7152572243932557
ID_16135,0.4649755764557879
ID_16136,0.5090735504401225
ID_16138,0.5340656890071075
ID_16140,0.6330651364887604
ID_16141,0.5422363551223734
ID_16148,0.7135337005433089
ID_16149,0.35478190078337724
ID_16150,0.6152714772813037
ID_16152,0.4142144112969279
ID_16154,0.7102339486185644
ID_16155,0.48089174969555537
ID_16161,0.5636233340467038
ID_16162,0.40487551506733177
ID_16163,0.6855933520399394
ID_16167,0.6227103361969782
ID_16168,0.7207246221955871
ID_16173,0.4504447622070541
ID_16174,0.3114898094163385
ID_16176,0.6305353449261432
ID_16177,0.48182936439718765
ID_16183,0.484151178512417
ID_16184,0.7223752179144399
ID_16189,0.7238830903557477
ID_16190,0.7224512123965249
ID_16192,0.4017318410324023
ID_16194,0.7224512123965249
ID_16197,0.43520054513928075
ID_16199,0.4103910273717131
ID_162,0.5862152169383216
ID_16200,0.5359751169716899
ID_16202,0.6246367845621186
ID_16211,0.6045344041317713
ID_16217,0.611423690476105
ID_16218,0.5060625037284884
ID_16219,0.4461776079253042
ID_16221,0.7340176690803487
ID_16224,0.6112209217191148
ID_16230,0.4541641792514969
ID_16232,0.3680625279957987
ID_16234,0.7253406380090327
ID_16235,0.4402332134942227
ID_16236,0.6157107824582861
ID_16241,0.5054100895949516
ID_16246,0.4645182441910831
ID_16247,0.4467699024026778
ID_16249,0.6796669604417782
ID_16256,0.46551882593760635
ID_16261,0.7409093687771219
ID_16262,0.35365756537684556
ID_16264,0.7282597061471175
ID_16268,0.5918025260988142
ID_16269,0.5606137003566327
ID_16270,0.717277167605492
ID_16273,0.3496550912061081
ID_16288,0.7086660125495889
ID_16291,0.7238226587953109
ID_16292,0.44470677686690313
ID_163,0.48656384179419576
ID_16301,0.4910025891979717
ID_16303,0.4928711598537224
ID_16309,0.7065217748271115
ID_16310,0.40202385934586277
ID_16312,0.38164785450670125
ID_16314,0.6272416078675973
ID_16315,0.372261444107748
ID_16316,0.4625562148774126
ID_16317,0.7069411914775294
ID_16318,0.463365926609434
ID_16321,0.7223752179144399
ID_16325,0.6123080802827853
ID_16328,0.5236567119221985
ID_16329,0.6928909613109691
ID_16330,0.5909997387221307
ID_16335,0.7222530954022719
ID_16336,0.7065217748271115
ID_16341,0.5207448482331756
ID_16342,0.7224512123965249
ID_16349,0.7422221517962575
ID_16350,0.7189726925886991
ID_16357,0.4653538119506675
ID_16364,0.5804468317579536
ID_16366,0.46475438415359627
ID_16368,0.7434754561439806
ID_16370,0.4819166431324601
ID_16372,0.4462072117038968
ID_16373,0.44872587766599437
ID_16376,0.682689882525551
ID_16379,0.5303187472606754
ID_16382,0.43281121760580055
ID_16389,0.7253406380090327
ID_16391,0.6045344041317713
ID_16392,0.5779775643410298
ID_16394,0.4490864004686289
ID_16395,0.726263181601417
ID_16398,0.5950232096484517
ID_164,0.48656384179419576
ID_16400,0.41710966867805216
ID_16404,0.5922219746280453
ID_16408,0.3950772520706134
ID_16410,0.7434754561439806
ID_16413,0.6114647566676854
ID_16415,0.4327307727961454
ID_16416,0.42240262361060726
ID_16418,0.6214157291554793
ID_16419,0.5514178384609612
ID_1642,0.522930405274507
ID_16423,0.5535608084476132
ID_16428,0.4776275044261637
ID_16431,0.6127576959233264
ID_16432,0.7493033403511118
ID_16434,0.6135207651546841
ID_16435,0.6783956855651839
ID_16437,0.7422221517962575
ID_16441,0.6422584676439002
ID_16442,0.46349374932977244
ID_16445,0.7493033403511118
ID_16448,0.7185937207723805
ID_16452,0.7135337005433089
ID_16455,0.7253406380090327
ID_16456,0.6788107734840175
ID_16458,0.40806028749143836
ID_16461,0.4745823029468765
ID_16465,0.6096392554657363
ID_16468,0.43970586845573084
ID_16478,0.7253406380090327
ID_16481,0.5181265388266074
ID_16485,0.6105922957727162
ID_16487,0.5834631390979333
ID_16490,0.6169525917175863
ID_16493,0.6314862187473581
ID_16497,0.7224512123965249
ID_16498,0.4221081014119456
ID_165,0.48656384179419576
ID_16500,0.4739362938510328
ID_16507,0.6123080802827853
ID_16513,0.7141100106595205
ID_16516,0.60369763940439
ID_16519,0.7238830903557477
ID_16521,0.5243818467651018
ID_16526,0.7422221517962575
ID_16531,0.5779775643410298
ID_16537,0.41672019121552806
ID_16540,0.4458881127496975
ID_16544,0.4234548253262753
ID_16546,0.608175769404548
ID_16547,0.7095178617787214
ID_16548,0.7185018567248102
ID_16550,0.5134383508572105
ID_16551,0.4973596476672528
ID_16552,0.38476968765273023
ID_16553,0.38241234899486654
ID_16557,0.29294880372097143
ID_16558,0.6854774581349742
ID_16560,0.7409093687771219
ID_16562,0.3295812453503086
ID_16563,0.5987954906641084
ID_16566,0.6122865000642412
ID_16570,0.4212818490480311
ID_16574,0.5066968913708804
ID_16575,0.6051146455942387
ID_16576,0.6732717393718294
ID_16580,0.6501463804003177
ID_16581,0.710880005641434
ID_16585,0.4115835856015036
ID_16588,0.5456567857347278
ID_16591,0.5503479880482136
ID_166,0.48656384179419576
ID_16602,0.39631107863201875
ID_16603,0.5818378997925159
ID_16607,0.7239738550369232
ID_16609,0.3359293652136969
ID_16610,0.5060625037284884
ID_16612,0.532876961535305
ID_16613,0.7048178433789104
ID_16621,0.3680625279957987
ID_16624,0.34299306105451516
ID_16625,0.4735837433180094
ID_16628,0.5226533648488875
ID_16629,0.6199176152468784
ID_16630,0.39453660279618
ID_16633,0.6540188393358608
ID_16636,0.4869218120703874
ID_16637,0.7238226587953109
ID_16639,0.3705705490405713
ID_16641,0.5187838877843065
ID_16642,0.38021783857022023
ID_16645,0.5363617435064427
ID_16646,0.6069438784114788
ID_16648,0.726263181601417
ID_16649,0.7422221517962575
ID_16650,0.5744190919629737
ID_16651,0.458005050293052
ID_16656,0.49090155770460786
ID_16658,0.4864346698609925
ID_16659,0.7207246221955871
ID_16660,0.7253406380090327
ID_16663,0.7152572243932557
ID_16669,0.5460773310888482
ID_16672,0.4282881394641228
ID_16675,0.6151713345743137
ID_16676,0.6178617366996547
ID_16684,0.7422221517962575
ID_16691,0.7214172716544525
ID_16692,0.7152572243932557
ID_16693,0.6174752725004496
ID_16696,0.44092982469009434
ID_167,0.48656384179419576
ID_16701,0.48016385833313596
ID_16705,0.4161568562773792
ID_16706,0.503568670589891
ID_16707,0.5828812869738224
ID_1671,0.501788877796373
ID_16710,0.6309595445192847
ID_16712,0.3368808683833855
ID_16715,0.5134965339246553
ID_16716,0.718453371238651
ID_16722,0.6077272590731334
ID_16724,0.7089149029162022
ID_16725,0.7168038629106102
ID_16727,0.7422221517962575
ID_16730,0.5874740630032591
ID_16733,0.5386568961306956
ID_16735,0.5306829971613831
ID_16736,0.633600639664054
ID_16737,0.3680625279957987
ID_16739,0.5909997387221307
ID_16743,0.6338497465660685
ID_16744,0.7409093687771219
ID_16745,0.6107963070348277
ID_16747,0.7293953213901373
ID_16748,0.7422221517962575
ID_16750,0.5489399164940488
ID_16752,0.5213229615108135
ID_16754,0.5146398710980611
ID_16755,0.72402786362844
ID_16756,0.7238830903557477
ID_16760,0.7168038629106102
ID_16763,0.7255150898599337
ID_16766,0.6376173606217627
ID_16767,0.44980242577774177
ID_16771,0.5242994627029004
ID_16772,0.46819347203285233
ID_16773,0.7356505150359932
ID_16774,0.631057888221979
ID_16778,0.7340176690803487
ID_16781,0.5012369731451497
ID_16783,0.7312262548741374
ID_16784,0.5227351677702783
ID_16788,0.6288160021731479
ID_16792,0.6388758655336496
ID_16796,0.3381005010346456
ID_16797,0.717277167605492
ID_168,0.48656384179419576
ID_16806,0.6317889821023907
ID_16812,0.717277167605492
ID_16813,0.6218531705051629
ID_16815,0.6140782635256362
ID_16817,0.6996415844913775
ID_16823,0.6117709949113534
ID_16825,0.7185018567248102
ID_16826,0.4002565188748455
ID_16827,0.3259433818528474
ID_16829,0.4657337099594487
ID_16833,0.46913310015433307
ID_16834,0.7238226587953109
ID_16837,0.5238660852632555
ID_16838,0.63135068337928
ID_16839,0.7152572243932557
ID_16841,0.553105835963437
ID_16842,0.7409093687771219
ID_16843,0.5416673037710797
ID_16844,0.47752181886848766
ID_16845,0.6084485354654671
ID_16847,0.7269593632620607
ID_16852,0.7409093687771219
ID_16853,0.6388758655336496
ID_16859,0.44959076994644953
ID_16860,0.5603971080715897
ID_16862,0.4268991437674282
ID_16864,0.5417502064838653
ID_16865,0.5394150739086959
ID_16869,0.4581642527967261
ID_16870,0.6251048822640023
ID_16871,0.6031117266996603
ID_16872,0.5941283610016279
ID_16874,0.44883225057776754
ID_16877,0.5896387382628772
ID_16878,0.5541969658351896
ID_16879,0.4298625231693196
ID_16886,0.5388982319283635
ID_16888,0.6089266909311177
ID_1689,0.46121207313182583
ID_16890,0.41279049397658374
ID_16891,0.550208009904539
ID_16893,0.3231431528193033
ID_16894,0.5877932641085147
ID_16899,0.46232154883886273
ID_169,0.48656384179419576
ID_16900,0.492549962644143
ID_16904,0.6253987497585636
ID_16909,0.5592303209738123
ID_16910,0.5332292211195038
ID_16911,0.4931572149052966
ID_16922,0.5518880516871887
ID_16923,0.632487490880274
ID_16926,0.6323816905908116
ID_16935,0.5896387382628772
ID_16937,0.401080204899922
ID_16938,0.6095924682960434
ID_16942,0.4066523792957773
ID_16946,0.5281406851227786
ID_16947,0.5005216200969211
ID_16948,0.4778326848851629
ID_16949,0.6374035343765778
ID_16951,0.4411651655999728
ID_16952,0.44959076994644953
ID_16954,0.5784196471575802
ID_16955,0.47396248202526065
ID_16957,0.6277576873909888
ID_16959,0.4998612353600504
ID_16960,0.41903720844248693
ID_16963,0.5622863356507972
ID_16966,0.50138311207118
ID_16967,0.629570069445973
ID_16971,0.444492159245951
ID_16972,0.43820571416555154
ID_16973,0.4864014705438821
ID_16978,0.49154130293617654
ID_1698,0.4949701579758558
ID_16982,0.4699092267231482
ID_16984,0.5895797131554137
ID_16986,0.6177723289048823
ID_16988,0.4089396006700538
ID_16992,0.5541055859490498
ID_16994,0.4691751880386755
ID_16995,0.49944475016906786
ID_17,0.4227387438460049
ID_170,0.4524881200335212
ID_17000,0.4893816289555475
ID_17008,0.500489361009901
ID_17009,0.6374035343765778
ID_17010,0.6305226216967832
ID_17015,0.4366832831797586
ID_17018,0.4726952401826103
ID_17020,0.40274006035263576
ID_17024,0.4778326848851629
ID_17026,0.5850550846943756
ID_17029,0.495030756098683
ID_17030,0.4836219346786183
ID_17031,0.3878828589445442
ID_17034,0.49990039414924525
ID_17035,0.5975947005054556
ID_17039,0.5850710578794803
ID_17042,0.5821930245187887
ID_17043,0.46164136071823353
ID_17045,0.5466765935338402
ID_17048,0.487478433801954
ID_17050,0.49084756496990173
ID_17053,0.5405378207699199
ID_17056,0.4533931171641621
ID_17061,0.6340462506751144
ID_17066,0.5823342450978568
ID_17067,0.48011480180858845
ID_17068,0.6288725175981305
ID_17073,0.5399305065988959
ID_17074,0.5821381945522964
ID_17077,0.3897881429188977
ID_17078,0.4698392179771061
ID_17080,0.6226345950111482
ID_17081,0.39287868309023993
ID_17084,0.5729206774397203
ID_17088,0.40688599658555175
ID_17094,0.4902969339629021
ID_17097,0.42083997785203464
ID_17098,0.5580822278242102
ID_17099,0.6237714745671195
ID_171,0.4524881200335212
ID_17101,0.626110507957353
ID_17102,0.4975389100843975
ID_17103,0.5896387382628772
ID_17104,0.6415282612353354
ID_17105,0.48036724824113836
ID_17108,0.48734930883193717
ID_17111,0.4232948795887355
ID_17114,0.592044331680584
ID_17115,0.4340693362145293
ID_17119,0.6261799053934822
ID_17124,0.414358683337817
ID_17125,0.49565118753179804
ID_17129,0.6453651689134731
ID_17131,0.6423270322606167
ID_17133,0.4166053401007846
ID_17135,0.3208845545373471
ID_17136,0.4613219077520274
ID_17141,0.46232154883886273
ID_17145,0.5718137451377058
ID_17151,0.4050304812531921
ID_17152,0.5718512703231142
ID_17155,0.6288725175981305
ID_17157,0.6340462506751144
ID_17165,0.5642852921041841
ID_17168,0.6221181112763864
ID_17169,0.39417991593102875
ID_17170,0.6204326280276411
ID_17175,0.6432695292607651
ID_17176,0.6228163909161891
ID_17177,0.35918417053677615
ID_17194,0.6031117266996603
ID_17195,0.6269714830850939
ID_172,0.6407072687505919
ID_17201,0.4058868309767113
ID_17203,0.4729055485633421
ID_17213,0.5047036746741111
ID_17215,0.3660465695909366
ID_17217,0.6614230460573569
ID_17219,0.444986315916867
ID_17223,0.49944475016906786
ID_17225,0.6388373092762146
ID_17228,0.5497475268401042
ID_17231,0.5861772253952954
ID_17235,0.6288812099958566
ID_17239,0.40566262423957844
ID_17242,0.5616447107620556
ID_17246,0.4500883027634719
ID_17251,0.4227864801598871
ID_17252,0.4871762982312368
ID_17253,0.44312221179158856
ID_17255,0.4516789738807262
ID_17257,0.5903428296048082
ID_17260,0.42515921662771017
ID_17261,0.5317401971601895
ID_17263,0.4763833118121356
ID_17267,0.45438419818850667
ID_17270,0.41011539446026046
ID_17271,0.44099482172380833
ID_17272,0.5675448064024692
ID_17273,0.43853405770930887
ID_17274,0.5784196471575802
ID_17277,0.47704542580651693
ID_17279,0.513528517280207
ID_17280,0.609685287251696
ID_17286,0.46987135950452363
ID_17292,0.6243637256846561
ID_17294,0.47957964858249563
ID_17296,0.5090408580877854
ID_17297,0.4763194724101521
ID_17298,0.4072632197438495
ID_17299,0.48036724824113836
ID_173,0.4524881200335212
ID_17309,0.4868142789236347
ID_17310,0.6340462506751144
ID_17312,0.6261915102181312
ID_17314,0.49315552969109494
ID_17315,0.5187159057365817
ID_17318,0.6109610514346421
ID_17322,0.5094243254571568
ID_17325,0.462632508695237
ID_17329,0.4585231788255735
ID_17330,0.4377480320614803
ID_17333,0.5252164506410375
ID_17334,0.5941283610016279
ID_17335,0.45166708024595575
ID_17337,0.6318995428855563
ID_17347,0.64912706004687
ID_17348,0.619575719268533
ID_17352,0.4349551398967391
ID_17355,0.5368925570751301
ID_17359,0.4812998302439459
ID_17365,0.6342292868942299
ID_17369,0.4132768642978516
ID_17372,0.591471550345812
ID_17374,0.3919750151622312
ID_17378,0.4840494166258433
ID_17384,0.6279455207161941
ID_17387,0.4119420407769619
ID_17389,0.495030756098683
ID_17393,0.6415282612353354
ID_17395,0.6106799670763559
ID_17397,0.4805561087063943
ID_17398,0.5941507217078575
ID_174,0.4524881200335212
ID_17400,0.632487490880274
ID_17402,0.40015394922566805
ID_17414,0.6527275964864742
ID_17421,0.4182454635519356
ID_17425,0.6186746034959297
ID_17432,0.480149981000374
ID_17433,0.3553133284471575
ID_17435,0.6277171212796067
ID_17437,0.4533931171641621
ID_17439,0.526222955896597
ID_17442,0.6335803778963145
ID_17443,0.6415757604410142
ID_17450,0.6302838224146229
ID_17456,0.4606789759307663
ID_17460,0.5433912534547353
ID_17463,0.4845507320280068
ID_17467,0.45688761020268925
ID_17469,0.6220589049699964
ID_17472,0.615181266128666
ID_17473,0.36440227262017744
ID_17474,0.5173830367162118
ID_17477,0.4832404199586001
ID_17478,0.5148388036549447
ID_17479,0.4778326848851629
ID_17482,0.48220473835842953
ID_17484,0.3928005252148866
ID_17487,0.46495587239374586
ID_17489,0.5040426470043634
ID_17490,0.550665832104766
ID_17493,0.591040149166938
ID_17496,0.4048325771580648
ID_17497,0.5957705848377554
ID_175,0.3915052851330972
ID_17501,0.4350084332737614
ID_17503,0.6421058649219423
ID_17505,0.5642852921041841
ID_17508,0.5282526329080146
ID_17512,0.5417502064838653
ID_17514,0.6474183604691821
ID_17518,0.5958203272344011
ID_17519,0.5518880516871887
ID_17521,0.5735223838094841
ID_17522,0.6278967258394952
ID_17523,0.6397312738090067
ID_17532,0.6415757604410142
ID_17534,0.44394244000243566
ID_17540,0.5823342450978568
ID_17543,0.47962105892915324
ID_17546,0.4722253775093936
ID_17547,0.510608461634745
ID_17548,0.5509471301192751
ID_17550,0.40885629314616456
ID_17551,0.4960332524927918
ID_17552,0.4582166781215895
ID_17555,0.4448844836014886
ID_17559,0.4362844360489533
ID_17561,0.638688886190256
ID_17562,0.5483343904047121
ID_17563,0.6395494260949794
ID_17566,0.4553633340751789
ID_17568,0.4227665914073497
ID_17571,0.4830891754210247
ID_17580,0.6199375784085319
ID_17581,0.4379293091099879
ID_17583,0.5043663588687222
ID_17587,0.3857021379144425
ID_17588,0.6147554809179699
ID_17590,0.6226345950111482
ID_17592,0.4638386587612985
ID_17594,0.3976118067901677
ID_17599,0.5349361796729524
ID_176,0.4524881200335212
ID_17600,0.6397312738090067
ID_17601,0.5033326281513866
ID_17606,0.6226831252755494
ID_17607,0.5993711805292052
ID_17609,0.5061892778202298
ID_17612,0.6330514829428516
ID_17613,0.5497475268401042
ID_17618,0.40849565039461533
ID_17619,0.44418689925941407
ID_17621,0.3800721804064638
ID_17622,0.5836438547248034
ID_17623,0.43853405770930887
ID_17624,0.3951489205992641
ID_17628,0.38045994316999315
ID_17631,0.5936950663241974
ID_17635,0.6185113585802334
ID_17638,0.6045462286871689
ID_17643,0.5642852921041841
ID_17644,0.6187051565603431
ID_17645,0.44180215611627344
ID_17647,0.46233949706027927
ID_17649,0.6018409138342546
ID_17651,0.4929160046707967
ID_17652,0.28793587865105025
ID_17655,0.4192663761152971
ID_17656,0.357084482836186
ID_17662,0.41279049397658374
ID_17666,0.5051856611879193
ID_17668,0.6404729756731125
ID_17671,0.5861651134845476
ID_17674,0.6367544075306831
ID_17675,0.569334919256695
ID_17679,0.49760109719215134
ID_17686,0.4105109701729834
ID_17689,0.4583675668625006
ID_17693,0.4624218425831069
ID_17694,0.6173522973222497
ID_177,0.4524881200335212
ID_17700,0.43330937147353615
ID_17703,0.5876588204369715
ID_17704,0.45436959547904393
ID_17705,0.3037292349773954
ID_17710,0.6183708049187878
ID_17712,0.5652256616200628
ID_17715,0.46987135950452363
ID_17717,0.48769531389405174
ID_17720,0.462632508695237
ID_17723,0.4915421834296765
ID_17724,0.7141100106595205
ID_17726,0.5958203272344011
ID_17727,0.6181377869817685
ID_17728,0.4176737061026219
ID_17730,0.5871494693035799
ID_17733,0.38045994316999315
ID_17734,0.4778326848851629
ID_17735,0.35288497837773275
ID_17743,0.4537265653449465
ID_17747,0.5807301863945381
ID_17756,0.5011221917145108
ID_17757,0.579688284951572
ID_17759,0.5689269322799774
ID_17762,0.4484027500199286
ID_17767,0.6031117266996603
ID_17770,0.48547962341359163
ID_17771,0.4624218425831069
ID_17773,0.4875673265599484
ID_17781,0.56222169277996
ID_17783,0.6002357997619592
ID_17784,0.4856081318185632
ID_17788,0.464206550043956
ID_17793,0.6250745312543017
ID_17795,0.4744035981154448
ID_17796,0.4126300969831648
ID_178,0.3915052851330972
ID_17803,0.4512848676584417
ID_17807,0.5913211868884178
ID_17818,0.4117710873523093
ID_17819,0.4836219346786183
ID_17820,0.45847800508083625
ID_17821,0.5872034715169112
ID_17824,0.6405367684093923
ID_17830,0.6188627502022279
ID_17835,0.56222169277996
ID_17839,0.4765396550435198
ID_17841,0.4268991437674282
ID_17846,0.6251643588603014
ID_17848,0.6350113740742275
ID_17849,0.4174739590398495
ID_17854,0.5500748509715481
ID_17857,0.5872034715169112
ID_17860,0.5958203272344011
ID_17861,0.6189114686456073
ID_17862,0.5762748113242815
ID_17863,0.5957705848377554
ID_17866,0.5957705848377554
ID_17872,0.49944475016906786
ID_17875,0.6474183604691821
ID_17881,0.4940823444288966
ID_17882,0.4044285033036569
ID_17883,0.47704542580651693
ID_17891,0.47728630240864695
ID_17894,0.6415282612353354
ID_17895,0.49944475016906786
ID_179,0.4524881200335212
ID_17900,0.4688811432030822
ID_17904,0.405849240259757
ID_17905,0.4012082684644106
ID_17907,0.40632387553334287
ID_17909,0.6185757206472633
ID_17914,0.43140292049956674
ID_17916,0.4214812928573793
ID_17917,0.5958203272344011
ID_17919,0.49290737567257087
ID_17921,0.45230915252690257
ID_17924,0.6340462506751144
ID_17927,0.3293776280307549
ID_17928,0.477911119406466
ID_17930,0.495030756098683
ID_17931,0.4513210631540464
ID_17932,0.4655453490799386
ID_17933,0.38569331046468985
ID_17935,0.46782694965572164
ID_17938,0.4239038128020776
ID_17940,0.3661426301870933
ID_17941,0.4535918990568452
ID_17944,0.5314151768988207
ID_17948,0.47096312531932216
ID_17954,0.38872092709537215
ID_17955,0.43559404026046417
ID_17959,0.47096312531932216
ID_17960,0.6251726551884672
ID_17964,0.49107157114852573
ID_17966,0.3919750151622312
ID_17968,0.3944105654079935
ID_17969,0.4823046017922063
ID_17970,0.6024764524937742
ID_17979,0.6188627502022279
ID_17982,0.3723754521848141
ID_17984,0.5857487806017855
ID_17986,0.4192613965904373
ID_17994,0.41184342911873134
ID_17995,0.49541321940231153
ID_18,0.48607663938731144
ID_180,0.4524881200335212
ID_18001,0.4058868309767113
ID_18007,0.4713106991278143
ID_18008,0.56222169277996
ID_18009,0.4175367880003605
ID_18016,0.3830284530624047
ID_18019,0.6601307708880385
ID_18022,0.40330544228340853
ID_18027,0.46428375441473935
ID_18028,0.43811933167820893
ID_18029,0.5501598393453037
ID_18034,0.628924224828785
ID_18036,0.4778326848851629
ID_18038,0.46091117360151346
ID_18042,0.48283395711869703
ID_18043,0.4526469864821198
ID_18048,0.5832639774859046
ID_18056,0.6474183604691821
ID_18058,0.5896387382628772
ID_18061,0.6266646792057806
ID_18066,0.3344645616219525
ID_18067,0.6423270322606167
ID_18069,0.5651749018142654
ID_18070,0.4386577576397202
ID_18071,0.4559449842903075
ID_18072,0.6018409138342546
ID_18077,0.6474183604691821
ID_18081,0.49201705969817
ID_18089,0.44851883488972893
ID_18090,0.5790986305076076
ID_18094,0.4975389100843975
ID_18096,0.4875425981697025
ID_18098,0.5855651959114507
ID_181,0.4524881200335212
ID_18104,0.637533407596834
ID_18108,0.6237039182046885
ID_18109,0.5339590728393152
ID_18112,0.4948128579601279
ID_18113,0.6151728847813773
ID_18114,0.48127600481704175
ID_18119,0.6228163909161891
ID_18120,0.4743778559334751
ID_18123,0.5965786648079733
ID_18125,0.5896887155468756
ID_18126,0.6474183604691821
ID_18129,0.42022627596536827
ID_18130,0.4982781484306036
ID_18134,0.5245831658596836
ID_18136,0.5960526998821812
ID_18139,0.2969583605889467
ID_18140,0.352819289171045
ID_18147,0.6854209041338092
ID_18151,0.4362844360489533
ID_18154,0.5966012323786895
ID_18160,0.42204099858050276
ID_18162,0.48292242866427293
ID_18167,0.4937939479747809
ID_18170,0.4800957230945177
ID_18171,0.38451124052865765
ID_18172,0.5603466006162744
ID_18176,0.437215815887842
ID_18179,0.45860487974284125
ID_18184,0.5991198406975213
ID_18187,0.5854429533761368
ID_18188,0.6169241141598291
ID_18191,0.43454387492488383
ID_18192,0.5885682792119136
ID_18195,0.4616490180896133
ID_18196,0.4785740005111624
ID_18199,0.45786872781524035
ID_182,0.4524881200335212
ID_18205,0.5834631390979333
ID_18206,0.45625893405685564
ID_18209,0.45860487974284125
ID_18210,0.49944475016906786
ID_18212,0.5124283476683535
ID_18213,0.5936950663241974
ID_18217,0.47957964858249563
ID_18218,0.6151253311999998
ID_18219,0.49978935815850833
ID_18220,0.49809475603087117
ID_18222,0.6288557800329904
ID_18232,0.6139535946005276
ID_18234,0.5652256616200628
ID_18240,0.47704542580651693
ID_18241,0.5651749018142654
ID_18246,0.5539638117995761
ID_18250,0.4710776108496327
ID_18253,0.5840281325977147
ID_18256,0.6301138591787963
ID_18258,0.46682505745021124
ID_18260,0.5631927930014917
ID_18266,0.6415757604410142
ID_18268,0.48220473835842953
ID_18273,0.48513375628611966
ID_18277,0.5045041470062988
ID_18280,0.462632508695237
ID_18283,0.5353533841010537
ID_18284,0.3837895962468686
ID_18285,0.46611281443178143
ID_18288,0.4502785264096935
ID_18289,0.4691751880386755
ID_1829,0.48991685111185773
ID_18292,0.4438914189948351
ID_18295,0.46551882593760635
ID_18296,0.4399309842849593
ID_18299,0.6415282612353354
ID_183,0.4524881200335212
ID_18304,0.4812998302439459
ID_18305,0.6302410316994891
ID_18306,0.4048024340255379
ID_18307,0.6072741262816701
ID_18308,0.398508877544467
ID_18309,0.4377496375088303
ID_1831,0.5202989869312498
ID_18311,0.6340462506751144
ID_18320,0.4445881091560568
ID_18321,0.6250745312543017
ID_18331,0.5957705848377554
ID_18332,0.562172603259354
ID_18335,0.42687954298860953
ID_18338,0.5407255997435496
ID_18340,0.46232154883886273
ID_18345,0.4268807452691444
ID_18349,0.6440445881930212
ID_18350,0.5857487806017855
ID_18355,0.6031117266996603
ID_18364,0.5051856611879193
ID_18365,0.6188627502022279
ID_18367,0.4789369856218355
ID_18368,0.4533931171641621
ID_18369,0.41768527369634273
ID_18372,0.45436959547904393
ID_18376,0.5115121708225154
ID_18379,0.5708396925745728
ID_18380,0.45786872781524035
ID_18382,0.6283618457772733
ID_18386,0.6283891026743248
ID_18388,0.550208009904539
ID_18394,0.46477588567925293
ID_18400,0.5926262058569016
ID_18401,0.6437985194853431
ID_18405,0.5896387382628772
ID_18412,0.4904522792104249
ID_18413,0.6073963529702833
ID_18416,0.6219628685618945
ID_18418,0.5553189982244073
ID_18420,0.48036724824113836
ID_18421,0.6255002675914948
ID_18422,0.495030756098683
ID_18423,0.5521021943814887
ID_18424,0.5497580357996482
ID_18427,0.5643496630866028
ID_18432,0.3695292305360173
ID_18439,0.6333820407732381
ID_18440,0.32289540782150705
ID_18441,0.3540332305618982
ID_18448,0.6333340762896766
ID_18452,0.4009588608880467
ID_18457,0.43766719909506047
ID_18459,0.45080807713949667
ID_18461,0.4592088795494181
ID_18463,0.3403120246063237
ID_18466,0.482448746737011
ID_18467,0.5122005888849732
ID_18468,0.499205790434025
ID_18470,0.48231541344721934
ID_18474,0.6226345950111482
ID_18476,0.5832639774859046
ID_18477,0.5651749018142654
ID_18479,0.5872034715169112
ID_18483,0.5487242651928702
ID_18486,0.5064978168036023
ID_18487,0.637982454561944
ID_18488,0.5031776091409426
ID_18491,0.4797245027481907
ID_18493,0.42028502386145417
ID_18495,0.41516841113391506
ID_18496,0.4769598498865864
ID_185,0.4524881200335212
ID_18502,0.5957705848377554
ID_18506,0.6474183604691821
ID_18507,0.4050304812531921
ID_18512,0.48437154103689534
ID_18513,0.49457392470649525
ID_18517,0.4533931171641621
ID_18520,0.6330514829428516
ID_18521,0.5959051244309759
ID_18522,0.6150569034722121
ID_18523,0.4797245027481907
ID_18524,0.6031117266996603
ID_18525,0.5826727665894077
ID_18528,0.6474183604691821
ID_18529,0.6164494010284357
ID_18530,0.6199375784085319
ID_18531,0.6276641193647118
ID_18532,0.5742929579825555
ID_18537,0.6391535684612896
ID_18542,0.6160478069079929
ID_18543,0.4624218425831069
ID_18546,0.4789369856218355
ID_18548,0.5604311640549692
ID_18553,0.6108286926182299
ID_18558,0.4352290475787209
ID_18559,0.47912287377011564
ID_1856,0.47024604995178865
ID_18560,0.6149137606640394
ID_18562,0.5896887155468756
ID_18563,0.4379657810469745
ID_18567,0.404273716197103
ID_18568,0.556231120064956
ID_18577,0.591471550345812
ID_18581,0.5631927930014917
ID_18582,0.40330544228340853
ID_18583,0.397172983402892
ID_18585,0.6324186189948793
ID_18586,0.5774789859108709
ID_18589,0.5360501686868784
ID_18592,0.611423690476105
ID_18595,0.48036724824113836
ID_18597,0.45016877580495784
ID_18599,0.3605752290720755
ID_186,0.4524881200335212
ID_18601,0.5327165560993665
ID_18604,0.6593307513483503
ID_18605,0.46270613836325697
ID_18606,0.5651749018142654
ID_18607,0.464206550043956
ID_18611,0.6255002675914948
ID_18613,0.6415757604410142
ID_18615,0.43853405770930887
ID_18616,0.5769353830373243
ID_18617,0.5005308223611844
ID_18620,0.4117216881495977
ID_18622,0.5051856611879193
ID_18626,0.460840075410713
ID_18629,0.6017604707930256
ID_18631,0.4444552146483935
ID_18632,0.6937346989188146
ID_18635,0.5433628668828927
ID_18638,0.637982454561944
ID_18645,0.5958203272344011
ID_18647,0.4298625231693196
ID_18650,0.48639637874437774
ID_18654,0.45926007995562335
ID_18655,0.5896387382628772
ID_18658,0.5388539927186636
ID_18659,0.6282767666128108
ID_18662,0.5943934274925727
ID_18663,0.47166469570991215
ID_18669,0.570662217012899
ID_18673,0.6173522973222497
ID_18674,0.4105109701729834
ID_18676,0.63842269676096
ID_18677,0.6157972179650179
ID_18681,0.393133044976417
ID_18683,0.5823433035878559
ID_18687,0.46671528637404036
ID_18688,0.6415757604410142
ID_18689,0.41245153313154115
ID_18692,0.46053785928659585
ID_18693,0.40953046715737457
ID_18694,0.637533407596834
ID_18697,0.4498290945981184
ID_18699,0.49993086384651436
ID_187,0.4524881200335212
ID_18702,0.6204326280276411
ID_18707,0.4044390098055401
ID_18709,0.4105109701729834
ID_18714,0.467716467015733
ID_18715,0.5013027109935093
ID_18719,0.46232154883886273
ID_18721,0.5091674682100746
ID_18730,0.5317401971601895
ID_18733,0.49813650327302383
ID_18736,0.6288725175981305
ID_18738,0.4607521723756248
ID_18739,0.3859030745348268
ID_18741,0.5313241371944556
ID_18743,0.4968928222023601
ID_18745,0.3874000972431393
ID_18747,0.5907618431535251
ID_18748,0.5836523289520987
ID_18754,0.7239738550369232
ID_18758,0.4176003619101845
ID_18767,0.5991198406975213
ID_18768,0.649005751548927
ID_18769,0.550208009904539
ID_18770,0.4605599984290778
ID_18775,0.4155939858542658
ID_18777,0.551831882316177
ID_18778,0.37669890397738537
ID_18781,0.6824286150585359
ID_18787,0.6364979983592828
ID_18790,0.5738844429010403
ID_18791,0.4019419324580507
ID_18793,0.4716135373538957
ID_18794,0.46053785928659585
ID_18798,0.5958203272344011
ID_188,0.6010923330700927
ID_18800,0.3558209361554308
ID_18802,0.4027082950171447
ID_18804,0.5854429533761368
ID_18806,0.47096312531932216
ID_18810,0.35735252285843816
ID_18811,0.4737780939947332
ID_18818,0.4897707301930985
ID_18819,0.5934657448562976
ID_18821,0.6340941758208819
ID_18824,0.6277171212796067
ID_18829,0.495643117082037
ID_18833,0.49760109719215134
ID_18842,0.4713757461896262
ID_18844,0.6435664878061864
ID_18847,0.4639910233073711
ID_18849,0.41055875593203756
ID_18850,0.5958203272344011
ID_18852,0.495030756098683
ID_18855,0.4655734604709768
ID_18857,0.5427459334273492
ID_18858,0.4413619005181115
ID_18863,0.5875367604557806
ID_18865,0.49158604832036484
ID_18868,0.4955124352984999
ID_18872,0.5159854150425025
ID_18877,0.4983754605359387
ID_18878,0.47444901269577616
ID_18880,0.4685410730204686
ID_18882,0.4935583116934757
ID_18886,0.6440445881930212
ID_18887,0.4729055485633421
ID_18897,0.49660709313893703
ID_18898,0.3976799057249537
ID_189,0.4524881200335212
ID_18907,0.42695649999475066
ID_18916,0.552043420724334
ID_18920,0.4266460558634123
ID_18926,0.4516967435532072
ID_18928,0.49671625617083975
ID_18930,0.3692484664463138
ID_18931,0.4527523122454217
ID_18934,0.5908577458399563
ID_18940,0.464206550043956
ID_18946,0.5501535294887642
ID_18947,0.3660975518891406
ID_18950,0.5018499843502888
ID_18952,0.3410594243127885
ID_18953,0.5248759475892798
ID_18955,0.6160927140136998
ID_18956,0.5033518348818835
ID_18961,0.44816199413674757
ID_18962,0.5541055859490498
ID_18963,0.555603643201949
ID_18965,0.5013027109935093
ID_18973,0.3795340746708027
ID_18977,0.6228163909161891
ID_18978,0.4802648352628375
ID_18980,0.6340941758208819
ID_18981,0.5551386203724102
ID_18982,0.3803082325807633
ID_18990,0.5488509259421671
ID_18994,0.632487490880274
ID_19,0.48607663938731144
ID_190,0.4524881200335212
ID_19002,0.5208158609029064
ID_19010,0.49030886826631365
ID_19013,0.45596589596377773
ID_19015,0.41053978215510983
ID_19021,0.5519776334176061
ID_19026,0.6269290248895748
ID_19030,0.47704542580651693
ID_19039,0.39226560877223066
ID_19041,0.4863713309723774
ID_19044,0.5651749018142654
ID_19046,0.6358032300111124
ID_19051,0.6340462506751144
ID_19055,0.4177069942690002
ID_19063,0.3043943610461107
ID_19067,0.42378090162945176
ID_19069,0.558710686249799
ID_19071,0.5836523289520987
ID_19072,0.47550684614654065
ID_19074,0.43820571416555154
ID_19075,0.37635468671146255
ID_19076,0.6274495721953885
ID_19078,0.46160189559717846
ID_1908,0.4760936925155791
ID_19091,0.713555653006373
ID_19094,0.60682557070057
ID_19097,0.5306218365835473
ID_19101,0.5735223838094841
ID_19102,0.5515824362904396
ID_19103,0.3805324531238375
ID_19104,0.49158155218686883
ID_19105,0.5957705848377554
ID_19106,0.5958203272344011
ID_19107,0.4089846512137003
ID_19109,0.5896387382628772
ID_19112,0.5049467255506297
ID_19113,0.6363996467560994
ID_19116,0.5860900944485036
ID_19119,0.49944475016906786
ID_19120,0.4048325771580648
ID_19125,0.5896387382628772
ID_19130,0.3299399286544022
ID_19134,0.5957705848377554
ID_19140,0.49809437569587284
ID_19141,0.5640214107979034
ID_19143,0.558710686249799
ID_19144,0.3984442087675025
ID_19145,0.3192266308904944
ID_19150,0.4957473736289467
ID_19154,0.5791524001019182
ID_19158,0.628924224828785
ID_19163,0.4621186666242539
ID_19165,0.4929160046707967
ID_19167,0.49813650327302383
ID_19169,0.5884990666950989
ID_19176,0.43581389774966917
ID_19178,0.5056020981106959
ID_19180,0.5957705848377554
ID_19182,0.40274006035263576
ID_19183,0.48970838584722887
ID_19187,0.4445690630341465
ID_19191,0.4805121154711949
ID_19193,0.5823342450978568
ID_19198,0.5532672289674119
ID_192,0.4524881200335212
ID_19202,0.6234384769392638
ID_19204,0.4378622816144947
ID_19205,0.4614095236445516
ID_19206,0.5300572115874519
ID_19207,0.6251048822640023
ID_19210,0.4693971604244106
ID_19214,0.4334493204599733
ID_19216,0.404273716197103
ID_19219,0.6181987807176292
ID_19220,0.5626618386987323
ID_19222,0.41292930719789994
ID_19225,0.4325337033127333
ID_19226,0.4323083829867278
ID_19227,0.5642852921041841
ID_19228,0.467716467015733
ID_19230,0.49944475016906786
ID_19231,0.5830612751639903
ID_19234,0.4298181688023269
ID_19236,0.5080363076678328
ID_19238,0.4248329462996923
ID_19244,0.558365200230373
ID_19245,0.4133831762723253
ID_19246,0.5334702070484828
ID_19247,0.49882177325490246
ID_19250,0.4874011918994863
ID_19252,0.3032340158445001
ID_19256,0.7207246221955871
ID_19260,0.3897881429188977
ID_19264,0.6172773909174204
ID_19266,0.4455050280353722
ID_19272,0.4840910191188728
ID_19273,0.5005216200969211
ID_19275,0.4607521723756248
ID_19276,0.48036724824113836
ID_19277,0.487478433801954
ID_19281,0.6340462506751144
ID_19284,0.45080807713949667
ID_19287,0.3450848674665406
ID_19288,0.6474183604691821
ID_19290,0.637533407596834
ID_19291,0.4637603859731385
ID_19294,0.4155401293465344
ID_19299,0.5957705848377554
ID_193,0.3851886131802912
ID_19307,0.6228163909161891
ID_19309,0.40593671687577
ID_19311,0.42500540447065305
ID_19312,0.7168038629106102
ID_19314,0.6315324935786528
ID_19315,0.4998952194098245
ID_19317,0.477911119406466
ID_19321,0.45744844066633517
ID_19323,0.39417991593102875
ID_19324,0.4789369856218355
ID_19327,0.6415282612353354
ID_19332,0.5896387382628772
ID_19333,0.34941442412221696
ID_19336,0.38017264911378784
ID_19337,0.424918041207613
ID_19338,0.4613219077520274
ID_19340,0.6278488859319623
ID_19350,0.499205790434025
ID_19358,0.4049879724312071
ID_19362,0.500169824014291
ID_19365,0.49651196134852127
ID_19366,0.6204326280276411
ID_19367,0.39131489645870016
ID_19371,0.3450848674665406
ID_19375,0.4533931171641621
ID_19382,0.5872535377774868
ID_19383,0.6229459119706264
ID_19384,0.4242770208716209
ID_19385,0.41279049397658374
ID_19388,0.6440445881930212
ID_19394,0.47096312531932216
ID_19397,0.44068762825955743
ID_194,0.4524881200335212
ID_19400,0.3447758373180063
ID_19405,0.3433659678669213
ID_19409,0.4048325771580648
ID_19413,0.4366951459848332
ID_19415,0.6415282612353354
ID_19417,0.5936950663241974
ID_19418,0.4118816302452271
ID_19420,0.4131318005067008
ID_19426,0.5555080779893118
ID_19427,0.5957705848377554
ID_19429,0.5960526998821812
ID_19432,0.5872535377774868
ID_19433,0.48036724824113836
ID_19440,0.6031117266996603
ID_19444,0.6340941758208819
ID_19445,0.4874011918994863
ID_19454,0.5245831658596836
ID_19456,0.5880281352880543
ID_19458,0.6156856314293273
ID_19464,0.5642509499890696
ID_19466,0.5207805340725264
ID_19468,0.5080363076678328
ID_19472,0.5521021943814887
ID_19476,0.5857487806017855
ID_19484,0.5394422152425707
ID_19486,0.6229356691107263
ID_19488,0.6415757604410142
ID_19489,0.6415282612353354
ID_19495,0.6306433607405241
ID_195,0.4524881200335212
ID_19500,0.6294658270659993
ID_19503,0.6033557653945401
ID_19507,0.5514832570537366
ID_19508,0.5927441369806226
ID_19511,0.6324394772793551
ID_19515,0.6309562760920069
ID_19516,0.63842269676096
ID_19517,0.6186746034959297
ID_19523,0.6394417457237088
ID_19527,0.6415282612353354
ID_19537,0.6474183604691821
ID_19538,0.5600973824872744
ID_19546,0.6432695292607651
ID_19548,0.549028279441391
ID_19551,0.5984663996108863
ID_19555,0.6415282612353354
ID_19559,0.5435153605190614
ID_19563,0.5341520441149609
ID_19566,0.5878391840620071
ID_19571,0.4253708389266451
ID_19574,0.5551386203724102
ID_19575,0.616343233187472
ID_19576,0.5531202398750397
ID_19577,0.6259651672488539
ID_19582,0.5880881154857702
ID_19583,0.5957705848377554
ID_19586,0.6295147763487685
ID_19596,0.5399720132545545
ID_19597,0.5849749266887945
ID_196,0.4524881200335212
ID_19600,0.5957705848377554
ID_19602,0.5201757096665985
ID_19603,0.5808787428334043
ID_19604,0.6017604707930256
ID_19609,0.5975947005054556
ID_19613,0.6333820407732381
ID_19615,0.6328321447742815
ID_19620,0.5958203272344011
ID_19621,0.628384663666106
ID_19622,0.5957705848377554
ID_19626,0.5962187908341816
ID_19629,0.5585690119887592
ID_19630,0.5539248034560954
ID_19631,0.5399305065988959
ID_19633,0.5534213581755917
ID_19638,0.5399018320794893
ID_19639,0.6022825545895005
ID_19642,0.5444846493348869
ID_19644,0.6288557800329904
ID_19646,0.5677008318467406
ID_19649,0.5685300967420674
ID_19654,0.6415757604410142
ID_19656,0.636585346263346
ID_19657,0.6031117266996603
ID_19661,0.5796450133029888
ID_19665,0.5896387382628772
ID_19667,0.722302212042626
ID_19670,0.5896387382628772
ID_19673,0.7156604033340584
ID_19677,0.48164188204040875
ID_19678,0.6341185032160379
ID_19682,0.5957705848377554
ID_19683,0.5302028214607322
ID_19684,0.5958203272344011
ID_19687,0.6031117266996603
ID_19688,0.6297373885320948
ID_19690,0.627268795068341
ID_19693,0.5631714023632026
ID_197,0.47540418718295163
ID_19701,0.5896387382628772
ID_19702,0.6421058649219423
ID_19710,0.6199375784085319
ID_19718,0.5958203272344011
ID_19719,0.6110891502438206
ID_19725,0.5877932641085147
ID_19726,0.5872034715169112
ID_19727,0.613215020514794
ID_19728,0.5896887155468756
ID_19732,0.5808787428334043
ID_19736,0.7185937207723805
ID_19747,0.5282526329080146
ID_19749,0.5941283610016279
ID_19751,0.6164494010284357
ID_19755,0.5960526998821812
ID_19759,0.616016339778353
ID_19762,0.5896387382628772
ID_19765,0.5957705848377554
ID_19766,0.5691105067805214
ID_19770,0.5880881154857702
ID_19771,0.6108286926182299
ID_19774,0.6432695292607651
ID_19780,0.599717395663595
ID_19781,0.6031117266996603
ID_19784,0.6288557800329904
ID_19792,0.587789138976045
ID_19793,0.3035942881369726
ID_19796,0.5033348478848885
ID_198,0.47540418718295163
ID_19807,0.4998628650264696
ID_19857,0.467716467015733
ID_199,0.4524881200335212
ID_20,0.48607663938731144
ID_201,0.4524881200335212
ID_202,0.4524881200335212
ID_2048,0.5096696957647238
ID_205,0.43550619336454394
ID_206,0.4213838301184782
ID_207,0.4213838301184782
ID_208,0.43550619336454394
ID_209,0.43550619336454394
ID_21,0.4227387438460049
ID_210,0.43550619336454394
ID_212,0.43570811495175976
ID_214,0.4637267020261329
ID_2142,0.4403445931050302
ID_216,0.46470684679347646
ID_2165,0.4851650358159797
ID_217,0.4400397468479468
ID_218,0.46470684679347646
ID_219,0.46470684679347646
ID_22,0.4227387438460049
ID_220,0.46470684679347646
ID_221,0.46470684679347646
ID_222,0.46470684679347646
ID_223,0.4400397468479468
ID_224,0.46470684679347646
ID_225,0.4400397468479468
ID_226,0.46470684679347646
ID_227,0.4400397468479468
ID_228,0.46470684679347646
ID_229,0.4400397468479468
ID_23,0.48607663938731144
ID_230,0.4400397468479468
ID_231,0.4400397468479468
ID_232,0.46470684679347646
ID_233,0.4400397468479468
ID_234,0.46470684679347646
ID_235,0.4400397468479468
ID_236,0.46470684679347646
ID_237,0.4400397468479468
ID_238,0.4400397468479468
ID_239,0.4400397468479468
ID_24,0.4227387438460049
ID_240,0.46470684679347646
ID_241,0.46470684679347646
ID_242,0.46470684679347646
ID_243,0.4400397468479468
ID_2435,0.47509680370219126
ID_244,0.46470684679347646
ID_245,0.46470684679347646
ID_246,0.4400397468479468
ID_247,0.4400397468479468
ID_248,0.46470684679347646
ID_249,0.46470684679347646
ID_25,0.5842972023617655
ID_250,0.46470684679347646
ID_251,0.46470684679347646
ID_252,0.4400397468479468
ID_253,0.46470684679347646
ID_254,0.46470684679347646
ID_255,0.4400397468479468
ID_256,0.4400397468479468
ID_257,0.4400397468479468
ID_258,0.46470684679347646
ID_259,0.46470684679347646
ID_26,0.48607663938731144
ID_260,0.46470684679347646
ID_261,0.46470684679347646
ID_262,0.46470684679347646
ID_263,0.46470684679347646
ID_264,0.46470684679347646
ID_2647,0.4853408409845954
ID_265,0.46470684679347646
ID_266,0.4400397468479468
ID_2677,0.5180035577649841
ID_268,0.46470684679347646
ID_269,0.46470684679347646
ID_27,0.4227387438460049
ID_270,0.46470684679347646
ID_2702,0.45920691283622234
ID_2708,0.4879944287799423
ID_271,0.46470684679347646
ID_272,0.46470684679347646
ID_273,0.46470684679347646
ID_2737,0.3551163405904481
ID_274,0.46470684679347646
ID_275,0.46470684679347646
ID_276,0.46470684679347646
ID_277,0.46470684679347646
ID_278,0.4400397468479468
ID_279,0.4400397468479468
ID_28,0.48607663938731144
ID_280,0.46470684679347646
ID_281,0.46470684679347646
ID_282,0.4400397468479468
ID_283,0.46470684679347646
ID_284,0.46470684679347646
ID_285,0.46470684679347646
ID_286,0.4400397468479468
ID_287,0.4400397468479468
ID_288,0.4400397468479468
ID_289,0.4400397468479468
ID_29,0.4227387438460049
ID_290,0.46470684679347646
ID_291,0.4400397468479468
ID_2918,0.4543837150996202
ID_2919,0.46213443395543596
ID_292,0.4400397468479468
ID_293,0.4400397468479468
ID_294,0.4400397468479468
ID_295,0.46470684679347646
ID_296,0.46470684679347646
ID_297,0.4400397468479468
ID_298,0.46470684679347646
ID_299,0.46470684679347646
ID_30,0.4227387438460049
ID_300,0.46470684679347646
ID_301,0.4400397468479468
ID_3019,0.5141490387812708
ID_302,0.4400397468479468
ID_303,0.4400397468479468
ID_304,0.4400397468479468
ID_3045,0.4981923810721508
ID_305,0.46470684679347646
ID_306,0.46470684679347646
ID_307,0.46470684679347646
ID_308,0.46470684679347646
ID_309,0.4400397468479468
ID_31,0.4227387438460049
ID_310,0.46470684679347646
ID_311,0.46470684679347646
ID_312,0.46470684679347646
ID_313,0.4400397468479468
ID_314,0.46470684679347646
ID_315,0.4400397468479468
ID_3151,0.47538882138266236
ID_316,0.46470684679347646
ID_317,0.4400397468479468
ID_318,0.4400397468479468
ID_319,0.46470684679347646
ID_32,0.48607663938731144
ID_320,0.46470684679347646
ID_321,0.46470684679347646
ID_322,0.46470684679347646
ID_323,0.46470684679347646
ID_324,0.46470684679347646
ID_325,0.4400397468479468
ID_3250,0.49996874413649356
ID_326,0.4400397468479468
ID_327,0.4400397468479468
ID_328,0.46470684679347646
ID_329,0.46470684679347646
ID_33,0.48607663938731144
ID_330,0.4400397468479468
ID_331,0.46470684679347646
ID_332,0.46470684679347646
ID_333,0.4400397468479468
ID_334,0.46470684679347646
ID_335,0.4400397468479468
ID_336,0.46470684679347646
ID_337,0.46470684679347646
ID_339,0.46470684679347646
ID_34,0.6273537381472393
ID_340,0.4400397468479468
ID_341,0.4400397468479468
ID_342,0.46470684679347646
ID_343,0.4400397468479468
ID_344,0.4400397468479468
ID_345,0.4400397468479468
ID_346,0.46470684679347646
ID_347,0.46470684679347646
ID_348,0.46470684679347646
ID_349,0.46470684679347646
ID_35,0.4227387438460049
ID_350,0.4400397468479468
ID_352,0.4400397468479468
ID_353,0.46470684679347646
ID_354,0.46470684679347646
ID_355,0.46470684679347646
ID_356,0.4400397468479468
ID_358,0.46470684679347646
ID_359,0.46470684679347646
ID_36,0.48607663938731144
ID_360,0.46470684679347646
ID_361,0.4400397468479468
ID_362,0.4400397468479468
ID_363,0.4400397468479468
ID_364,0.46470684679347646
ID_365,0.46470684679347646
ID_366,0.46470684679347646
ID_367,0.46470684679347646
ID_368,0.4400397468479468
ID_369,0.46470684679347646
ID_37,0.48607663938731144
ID_370,0.46470684679347646
ID_371,0.4400397468479468
ID_372,0.4400397468479468
ID_373,0.46470684679347646
ID_374,0.46470684679347646
ID_375,0.46470684679347646
ID_376,0.4400397468479468
ID_377,0.46470684679347646
ID_378,0.46470684679347646
ID_379,0.4400397468479468
ID_38,0.48607663938731144
ID_380,0.46470684679347646
ID_381,0.46470684679347646
ID_382,0.46470684679347646
ID_3822,0.38623047925303056
ID_383,0.4400397468479468
ID_384,0.46470684679347646
ID_385,0.46470684679347646
ID_386,0.4400397468479468
ID_387,0.4400397468479468
ID_388,0.46470684679347646
ID_3884,0.5223299178249741
ID_389,0.40020616600782294
ID_39,0.48607663938731144
ID_390,0.40020616600782294
ID_391,0.40020616600782294
ID_392,0.40020616600782294
ID_393,0.40020616600782294
ID_394,0.46470684679347646
ID_395,0.46470684679347646
ID_396,0.46470684679347646
ID_397,0.46470684679347646
ID_398,0.46470684679347646
ID_399,0.40020616600782294
ID_4,0.48607663938731144
ID_40,0.48607663938731144
ID_400,0.40020616600782294
ID_401,0.40020616600782294
ID_402,0.46470684679347646
ID_403,0.46470684679347646
ID_404,0.40020616600782294
ID_405,0.40020616600782294
ID_406,0.46470684679347646
ID_407,0.40020616600782294
ID_408,0.46470684679347646
ID_409,0.40020616600782294
ID_41,0.48607663938731144
ID_410,0.46470684679347646
ID_411,0.46470684679347646
ID_412,0.46470684679347646
ID_413,0.40020616600782294
ID_414,0.46470684679347646
ID_415,0.40020616600782294
ID_416,0.40020616600782294
ID_417,0.40020616600782294
ID_4173,0.47538882138266236
ID_419,0.40020616600782294
ID_42,0.48607663938731144
ID_420,0.46470684679347646
ID_421,0.46470684679347646
ID_422,0.40020616600782294
ID_423,0.40020616600782294
ID_424,0.46470684679347646
ID_425,0.40020616600782294
ID_426,0.40020616600782294
ID_427,0.46470684679347646
ID_428,0.46470684679347646
ID_429,0.46470684679347646
ID_43,0.48607663938731144
ID_430,0.46470684679347646
ID_431,0.40020616600782294
ID_4310,0.5030270863462664
ID_432,0.46470684679347646
ID_4327,0.5051856611879193
ID_433,0.40020616600782294
ID_434,0.40020616600782294
ID_435,0.46470684679347646
ID_436,0.40020616600782294
ID_437,0.40020616600782294
ID_439,0.46470684679347646
ID_44,0.48607663938731144
ID_440,0.40020616600782294
ID_441,0.40020616600782294
ID_442,0.40020616600782294
ID_443,0.46470684679347646
ID_444,0.40020616600782294
ID_445,0.46287642868001366
ID_446,0.39844070047773594
ID_447,0.39844070047773594
ID_448,0.39844070047773594
ID_45,0.48607663938731144
ID_450,0.39844070047773594
ID_451,0.46287642868001366
ID_452,0.39844070047773594
ID_453,0.46287642868001366
ID_454,0.39844070047773594
ID_455,0.46287642868001366
ID_456,0.46287642868001366
ID_457,0.39844070047773594
ID_458,0.46287642868001366
ID_459,0.46287642868001366
ID_46,0.48607663938731144
ID_460,0.46287642868001366
ID_461,0.39844070047773594
ID_462,0.46287642868001366
ID_463,0.39844070047773594
ID_464,0.39844070047773594
ID_465,0.39844070047773594
ID_466,0.39844070047773594
ID_4660,0.5096696957647238
ID_467,0.39844070047773594
ID_468,0.46287642868001366
ID_469,0.39844070047773594
ID_47,0.48607663938731144
ID_470,0.46287642868001366
ID_471,0.46287642868001366
ID_472,0.39844070047773594
ID_473,0.46287642868001366
ID_474,0.39844070047773594
ID_476,0.46287642868001366
ID_477,0.46287642868001366
ID_4776,0.5242705492647755
ID_478,0.46287642868001366
ID_479,0.46287642868001366
ID_48,0.48607663938731144
ID_480,0.46287642868001366
ID_481,0.46287642868001366
ID_4814,0.5141490387812708
ID_4819,0.39522309574190073
ID_482,0.39844070047773594
ID_483,0.46287642868001366
ID_484,0.39844070047773594
ID_485,0.46287642868001366
ID_486,0.46287642868001366
ID_487,0.46287642868001366
ID_488,0.46287642868001366
ID_489,0.46287642868001366
ID_49,0.4227387438460049
ID_490,0.39844070047773594
ID_491,0.46287642868001366
ID_492,0.46287642868001366
ID_493,0.39844070047773594
ID_494,0.39844070047773594
ID_495,0.46287642868001366
ID_496,0.46287642868001366
ID_497,0.39844070047773594
ID_498,0.46287642868001366
ID_499,0.46287642868001366
ID_5,0.48607663938731144
ID_50,0.48607663938731144
ID_500,0.46287642868001366
ID_501,0.46287642868001366
ID_502,0.39844070047773594
ID_503,0.39844070047773594
ID_504,0.39844070047773594
ID_505,0.39844070047773594
ID_506,0.39844070047773594
ID_507,0.39844070047773594
ID_508,0.39844070047773594
ID_509,0.39844070047773594
ID_51,0.48607663938731144
ID_510,0.39844070047773594
ID_511,0.46287642868001366
ID_512,0.39844070047773594
ID_513,0.39844070047773594
ID_514,0.46287642868001366
ID_515,0.39844070047773594
ID_5152,0.4120400257913944
ID_516,0.46287642868001366
ID_517,0.46287642868001366
ID_518,0.39844070047773594
ID_5181,0.46763504225104907
ID_519,0.39844070047773594
ID_52,0.4227387438460049
ID_520,0.46287642868001366
ID_521,0.46287642868001366
ID_522,0.46287642868001366
ID_523,0.39844070047773594
ID_524,0.39844070047773594
ID_525,0.46287642868001366
ID_526,0.46287642868001366
ID_527,0.39844070047773594
ID_528,0.46287642868001366
ID_529,0.46287642868001366
ID_5298,0.4393906369970594
ID_53,0.48607663938731144
ID_530,0.39844070047773594
ID_5308,0.4955240342043914
ID_531,0.46287642868001366
ID_532,0.39844070047773594
ID_533,0.46287642868001366
ID_534,0.46287642868001366
ID_535,0.46287642868001366
ID_536,0.46287642868001366
ID_537,0.39844070047773594
ID_538,0.46287642868001366
ID_539,0.46287642868001366
ID_54,0.48607663938731144
ID_540,0.46287642868001366
ID_541,0.39844070047773594
ID_542,0.39844070047773594
ID_543,0.46287642868001366
ID_544,0.46287642868001366
ID_545,0.39844070047773594
ID_546,0.46287642868001366
ID_547,0.46287642868001366
ID_548,0.39844070047773594
ID_549,0.39844070047773594
ID_55,0.48607663938731144
ID_550,0.46287642868001366
ID_5504,0.4302693285493239
ID_551,0.46287642868001366
ID_552,0.39844070047773594
ID_553,0.39844070047773594
ID_554,0.39844070047773594
ID_555,0.39844070047773594
ID_556,0.39844070047773594
ID_557,0.39844070047773594
ID_558,0.39844070047773594
ID_559,0.46287642868001366
ID_56,0.47813298953562877
ID_560,0.39844070047773594
ID_561,0.39844070047773594
ID_562,0.46287642868001366
ID_563,0.46287642868001366
ID_564,0.46287642868001366
ID_565,0.39844070047773594
ID_566,0.39844070047773594
ID_567,0.46287642868001366
ID_568,0.39844070047773594
ID_569,0.39844070047773594
ID_57,0.48607663938731144
ID_570,0.39844070047773594
ID_571,0.46287642868001366
ID_572,0.39844070047773594
ID_573,0.46287642868001366
ID_574,0.39844070047773594
ID_575,0.39844070047773594
ID_576,0.39844070047773594
ID_577,0.46287642868001366
ID_578,0.39844070047773594
ID_579,0.46287642868001366
ID_58,0.48607663938731144
ID_580,0.39844070047773594
ID_581,0.39844070047773594
ID_582,0.39844070047773594
ID_5824,0.6031117266996603
ID_583,0.46287642868001366
ID_584,0.46287642868001366
ID_585,0.46287642868001366
ID_586,0.46287642868001366
ID_587,0.46287642868001366
ID_588,0.46287642868001366
ID_5884,0.5058950867512896
ID_589,0.46287642868001366
ID_59,0.48607663938731144
ID_590,0.46287642868001366
ID_591,0.39844070047773594
ID_592,0.39844070047773594
ID_593,0.46287642868001366
ID_594,0.46287642868001366
ID_595,0.46287642868001366
ID_596,0.46287642868001366
ID_597,0.46287642868001366
ID_599,0.46287642868001366
ID_6,0.48607663938731144
ID_60,0.48607663938731144
ID_600,0.39848281447113665
ID_601,0.46287642868001366
ID_602,0.39848281447113665
ID_603,0.39848281447113665
ID_604,0.46287642868001366
ID_605,0.39848281447113665
ID_606,0.39848281447113665
ID_607,0.46287642868001366
ID_608,0.46287642868001366
ID_609,0.46287642868001366
ID_610,0.39848281447113665
ID_611,0.39848281447113665
ID_612,0.46287642868001366
ID_613,0.6280449520009778
ID_614,0.46287642868001366
ID_615,0.46287642868001366
ID_616,0.39848281447113665
ID_617,0.39848281447113665
ID_618,0.39848281447113665
ID_619,0.46287642868001366
ID_62,0.48607663938731144
ID_620,0.39848281447113665
ID_622,0.46287642868001366
ID_623,0.39848281447113665
ID_624,0.46287642868001366
ID_625,0.39848281447113665
ID_626,0.46287642868001366
ID_627,0.39848281447113665
ID_628,0.46287642868001366
ID_629,0.6280449520009778
ID_63,0.48607663938731144
ID_630,0.46287642868001366
ID_631,0.39848281447113665
ID_632,0.46287642868001366
ID_633,0.39848281447113665
ID_634,0.39848281447113665
ID_635,0.46287642868001366
ID_636,0.46287642868001366
ID_637,0.46287642868001366
ID_638,0.46287642868001366
ID_639,0.39848281447113665
ID_64,0.4227387438460049
ID_640,0.46287642868001366
ID_641,0.46287642868001366
ID_642,0.46287642868001366
ID_643,0.46287642868001366
ID_644,0.46287642868001366
ID_645,0.46287642868001366
ID_646,0.46287642868001366
ID_647,0.46287642868001366
ID_648,0.46287642868001366
ID_649,0.46287642868001366
ID_65,0.48607663938731144
ID_650,0.46287642868001366
ID_651,0.46287642868001366
ID_652,0.46287642868001366
ID_653,0.46287642868001366
ID_654,0.39848281447113665
ID_655,0.46287642868001366
ID_656,0.39848281447113665
ID_657,0.46287642868001366
ID_658,0.39848281447113665
ID_659,0.39848281447113665
ID_66,0.48607663938731144
ID_660,0.46287642868001366
ID_661,0.39848281447113665
ID_662,0.39848281447113665
ID_663,0.46287642868001366
ID_664,0.46287642868001366
ID_665,0.46287642868001366
ID_666,0.39848281447113665
ID_667,0.46287642868001366
ID_668,0.46287642868001366
ID_669,0.39848281447113665
ID_67,0.4739654076117056
ID_670,0.46287642868001366
ID_671,0.46287642868001366
ID_672,0.46287642868001366
ID_673,0.46287642868001366
ID_674,0.46287642868001366
ID_675,0.46287642868001366
ID_676,0.46287642868001366
ID_677,0.46287642868001366
ID_678,0.46287642868001366
ID_679,0.39848281447113665
ID_68,0.4739654076117056
ID_680,0.46287642868001366
ID_681,0.46287642868001366
ID_682,0.39848281447113665
ID_683,0.39848281447113665
ID_684,0.46287642868001366
ID_685,0.39848281447113665
ID_686,0.39848281447113665
ID_687,0.39848281447113665
ID_688,0.39848281447113665
ID_689,0.39848281447113665
ID_69,0.4739654076117056
ID_690,0.39848281447113665
ID_691,0.46287642868001366
ID_692,0.46287642868001366
ID_693,0.39848281447113665
ID_6936,0.49594972228485806
ID_694,0.47260561141941676
ID_695,0.47260561141941676
ID_696,0.47260561141941676
ID_697,0.47260561141941676
ID_698,0.47260561141941676
ID_699,0.47260561141941676
ID_7,0.4227387438460049
ID_70,0.4240105564148292
ID_700,0.421408179098442
ID_701,0.47260561141941676
ID_702,0.421408179098442
ID_703,0.47260561141941676
ID_704,0.47260561141941676
ID_705,0.421408179098442
ID_706,0.47260561141941676
ID_707,0.47260561141941676
ID_708,0.47260561141941676
ID_709,0.47260561141941676
ID_71,0.4739654076117056
ID_710,0.47260561141941676
ID_711,0.47260561141941676
ID_712,0.47260561141941676
ID_713,0.47260561141941676
ID_714,0.47260561141941676
ID_715,0.47260561141941676
ID_716,0.421408179098442
ID_717,0.47260561141941676
ID_718,0.421408179098442
ID_719,0.47260561141941676
ID_72,0.4739654076117056
ID_720,0.47260561141941676
ID_721,0.47260561141941676
ID_722,0.47260561141941676
ID_723,0.47260561141941676
ID_724,0.47260561141941676
ID_725,0.47260561141941676
ID_726,0.47260561141941676
ID_727,0.47260561141941676
ID_728,0.47260561141941676
ID_729,0.47260561141941676
ID_73,0.4739654076117056
ID_730,0.47260561141941676
ID_731,0.47260561141941676
ID_732,0.47260561141941676
ID_733,0.47260561141941676
ID_734,0.47260561141941676
ID_7342,0.5185033033262677
ID_735,0.47260561141941676
ID_736,0.421408179098442
ID_737,0.421408179098442
ID_738,0.421408179098442
ID_739,0.47260561141941676
ID_74,0.4739654076117056
ID_740,0.421408179098442
ID_741,0.47260561141941676
ID_742,0.421408179098442
ID_743,0.47260561141941676
ID_744,0.47260561141941676
ID_745,0.47260561141941676
ID_746,0.47260561141941676
ID_747,0.47260561141941676
ID_748,0.47260561141941676
ID_749,0.421408179098442
ID_75,0.4739654076117056
ID_750,0.47260561141941676
ID_751,0.421408179098442
ID_752,0.47260561141941676
ID_753,0.47260561141941676
ID_754,0.47260561141941676
ID_755,0.421408179098442
ID_757,0.47260561141941676
ID_758,0.421408179098442
ID_759,0.47260561141941676
ID_76,0.4240105564148292
ID_760,0.421408179098442
ID_761,0.47260561141941676
ID_762,0.421408179098442
ID_763,0.421408179098442
ID_764,0.47260561141941676
ID_765,0.421408179098442
ID_766,0.421408179098442
ID_767,0.47260561141941676
ID_768,0.47260561141941676
ID_769,0.47260561141941676
ID_77,0.4739654076117056
ID_770,0.47260561141941676
ID_7706,0.47797688976360464
ID_771,0.47260561141941676
ID_772,0.47260561141941676
ID_773,0.47260561141941676
ID_774,0.47260561141941676
ID_7740,0.5296504217597787
ID_7744,0.4907560954382366
ID_775,0.47260561141941676
ID_776,0.631366718338998
ID_777,0.47260561141941676
ID_778,0.421408179098442
ID_779,0.47260561141941676
ID_78,0.4240105564148292
ID_780,0.47260561141941676
ID_781,0.47260561141941676
ID_782,0.47260561141941676
ID_783,0.47260561141941676
ID_784,0.47260561141941676
ID_785,0.421408179098442
ID_786,0.47260561141941676
ID_787,0.47260561141941676
ID_788,0.47260561141941676
ID_789,0.47260561141941676
ID_7897,0.42454530375154836
ID_79,0.4660401989150238
ID_790,0.47260561141941676
ID_791,0.47260561141941676
ID_792,0.6296634952219776
ID_793,0.421408179098442
ID_794,0.421408179098442
ID_795,0.421408179098442
ID_796,0.421408179098442
ID_797,0.47260561141941676
ID_798,0.47260561141941676
ID_799,0.47260561141941676
ID_8,0.48607663938731144
ID_80,0.4240105564148292
ID_800,0.421408179098442
ID_801,0.47260561141941676
ID_802,0.47260561141941676
ID_803,0.47260561141941676
ID_804,0.421408179098442
ID_805,0.47260561141941676
ID_806,0.421408179098442
ID_807,0.421408179098442
ID_808,0.47260561141941676
ID_809,0.47260561141941676
ID_81,0.4739654076117056
ID_810,0.4739654076117056
ID_811,0.4739654076117056
ID_812,0.4739654076117056
ID_813,0.4739654076117056
ID_814,0.4739654076117056
ID_815,0.4739654076117056
ID_816,0.4739654076117056
ID_817,0.4739654076117056
ID_818,0.4739654076117056
ID_819,0.4739654076117056
ID_82,0.4739654076117056
ID_820,0.4739654076117056
ID_821,0.4739654076117056
ID_822,0.4739654076117056
ID_823,0.4739654076117056
ID_824,0.4739654076117056
ID_825,0.4739654076117056
ID_826,0.4739654076117056
ID_827,0.4739654076117056
ID_828,0.4227387438460049
ID_829,0.4739654076117056
ID_83,0.4739654076117056
ID_830,0.4739654076117056
ID_831,0.4739654076117056
ID_832,0.4739654076117056
ID_833,0.4739654076117056
ID_834,0.4739654076117056
ID_835,0.4739654076117056
ID_836,0.4739654076117056
ID_837,0.4739654076117056
ID_838,0.4739654076117056
ID_839,0.4739654076117056
ID_84,0.4739654076117056
ID_840,0.4739654076117056
ID_841,0.4739654076117056
ID_842,0.4739654076117056
ID_843,0.4739654076117056
ID_844,0.4739654076117056
ID_845,0.4739654076117056
ID_846,0.4739654076117056
ID_847,0.4739654076117056
ID_848,0.4739654076117056
ID_849,0.4739654076117056
ID_85,0.4739654076117056
ID_850,0.4739654076117056
ID_851,0.4739654076117056
ID_852,0.4739654076117056
ID_853,0.4739654076117056
ID_854,0.4739654076117056
ID_855,0.4739654076117056
ID_856,0.4739654076117056
ID_857,0.4739654076117056
ID_858,0.4739654076117056
ID_859,0.4739654076117056
ID_86,0.4739654076117056
ID_860,0.4739654076117056
ID_861,0.4739654076117056
ID_862,0.4739654076117056
ID_863,0.4739654076117056
ID_864,0.4739654076117056
ID_865,0.4739654076117056
ID_866,0.4739654076117056
ID_867,0.4739654076117056
ID_868,0.4739654076117056
ID_869,0.4739654076117056
ID_87,0.4739654076117056
ID_870,0.4739654076117056
ID_871,0.4739654076117056
ID_872,0.4227387438460049
ID_873,0.4227387438460049
ID_874,0.4739654076117056
ID_875,0.4739654076117056
ID_876,0.4739654076117056
ID_877,0.4739654076117056
ID_878,0.4739654076117056
ID_879,0.4739654076117056
ID_88,0.4739654076117056
ID_880,0.4739654076117056
ID_881,0.4227387438460049
ID_882,0.4227387438460049
ID_883,0.4739654076117056
ID_884,0.4739654076117056
ID_885,0.4739654076117056
ID_886,0.4739654076117056
ID_887,0.4227387438460049
ID_8874,0.4748683444385348
ID_888,0.4739654076117056
ID_889,0.4739654076117056
ID_89,0.4739654076117056
ID_890,0.4739654076117056
ID_891,0.4739654076117056
ID_892,0.4739654076117056
ID_893,0.4739654076117056
ID_894,0.4227387438460049
ID_895,0.4739654076117056
ID_896,0.4739654076117056
ID_897,0.4739654076117056
ID_898,0.4739654076117056
ID_899,0.4739654076117056
ID_90,0.4739654076117056
ID_900,0.4739654076117056
ID_901,0.4739654076117056
ID_902,0.4227387438460049
ID_903,0.4227387438460049
ID_904,0.4739654076117056
ID_905,0.4739654076117056
ID_906,0.4739654076117056
ID_907,0.48607663938731144
ID_908,0.48607663938731144
ID_909,0.48607663938731144
ID_91,0.4739654076117056
ID_910,0.48607663938731144
ID_911,0.48607663938731144
ID_9110,0.5074818766647309
ID_912,0.48607663938731144
ID_913,0.48607663938731144
ID_914,0.48607663938731144
ID_916,0.48607663938731144
ID_917,0.48607663938731144
ID_918,0.48607663938731144
ID_919,0.48607663938731144
ID_92,0.4240105564148292
ID_920,0.48607663938731144
ID_921,0.48607663938731144
ID_922,0.4227387438460049
ID_923,0.48607663938731144
ID_924,0.48607663938731144
ID_925,0.48607663938731144
ID_926,0.48607663938731144
ID_927,0.48607663938731144
ID_928,0.48607663938731144
ID_929,0.48607663938731144
ID_93,0.4739654076117056
ID_930,0.48607663938731144
ID_931,0.4227387438460049
ID_932,0.48607663938731144
ID_933,0.4227387438460049
ID_934,0.48607663938731144
ID_935,0.4227387438460049
ID_936,0.48607663938731144
ID_937,0.48607663938731144
ID_938,0.48607663938731144
ID_939,0.48607663938731144
ID_94,0.4739654076117056
ID_940,0.48607663938731144
ID_941,0.48607663938731144
ID_942,0.48607663938731144
ID_943,0.48607663938731144
ID_944,0.48607663938731144
ID_945,0.48607663938731144
ID_946,0.48607663938731144
ID_947,0.48607663938731144
ID_948,0.48607663938731144
ID_949,0.48607663938731144
ID_95,0.4739654076117056
ID_950,0.48607663938731144
ID_951,0.4227387438460049
ID_952,0.48607663938731144
ID_953,0.4227387438460049
ID_954,0.48607663938731144
ID_955,0.48607663938731144
ID_956,0.48607663938731144
ID_957,0.48607663938731144
ID_958,0.4227387438460049
ID_959,0.48607663938731144
ID_96,0.4739654076117056
ID_960,0.48607663938731144
ID_961,0.48607663938731144
ID_962,0.4227387438460049
ID_963,0.4227387438460049
ID_964,0.48607663938731144
ID_965,0.48607663938731144
ID_966,0.48607663938731144
ID_967,0.48607663938731144
ID_968,0.48607663938731144
ID_969,0.48607663938731144
ID_97,0.4739654076117056
ID_970,0.48607663938731144
ID_971,0.48607663938731144
ID_972,0.48607663938731144
ID_973,0.48607663938731144
ID_974,0.48607663938731144
ID_975,0.48607663938731144
ID_976,0.48607663938731144
ID_977,0.48607663938731144
ID_978,0.48607663938731144
ID_979,0.48607663938731144
ID_98,0.4739654076117056
ID_980,0.48607663938731144
ID_981,0.48607663938731144
ID_982,0.48607663938731144
ID_983,0.48607663938731144
ID_984,0.4227387438460049
ID_985,0.4227387438460049
ID_986,0.48607663938731144
ID_987,0.48607663938731144
ID_988,0.48607663938731144
ID_989,0.48607663938731144
ID_99,0.4739654076117056
ID_990,0.4227387438460049
ID_991,0.48607663938731144
ID_992,0.48607663938731144
ID_993,0.48607663938731144
ID_994,0.48607663938731144
ID_995,0.48607663938731144
ID_996,0.48607663938731144
ID_997,0.48607663938731144
ID_998,0.48607663938731144
ID_999,0.48607663938731144
